route_no,route_id,time_category,counts,counts_average,time_category_duration,frequency
100ADOWN,4,non_peak_1,1,1,480,480
100ADOWN,4,non_peak_2,2,2,300,150
100ADOWN,4,non_peak_3,1,1,180,180
100ADOWN,4,peak_1,1,1,240,240
100ADOWN,4,peak_2,1,1,240,240
100AUP,5,non_peak_1,1,1,480,480
100AUP,5,non_peak_2,1,1,300,300
100AUP,5,peak_1,2,2,240,120
100AUP,5,peak_2,2,2,240,120
100BDOWN,8,non_peak_2,11,11,300,28
100BDOWN,8,non_peak_3,4,4,180,45
100BDOWN,8,peak_1,4,4,240,60
100BDOWN,8,peak_2,2,2,240,120
100BUP,9,non_peak_1,6,6,480,80
100BUP,9,non_peak_2,13,13,300,24
100BUP,9,peak_1,3,3,240,80
100BUP,9,peak_2,1,1,240,240
100CDOWN,10,non_peak_2,1,1,300,300
100DOWN,6,non_peak_1,6,6,480,80
100DOWN,6,non_peak_2,17,17,300,18
100DOWN,6,non_peak_3,9,9,180,20
100DOWN,6,peak_1,17,17,240,15
100DOWN,6,peak_2,15,15,240,16
100UP,7,non_peak_1,11,11,480,44
100UP,7,non_peak_2,18,18,300,17
100UP,7,non_peak_3,5,5,180,36
100UP,7,peak_1,15,15,240,16
100UP,7,peak_2,15,15,240,16
103ADOWN,11,non_peak_1,1,1,480,480
103ADOWN,11,non_peak_2,1,1,300,300
103ADOWN,11,peak_1,2,2,240,120
103ADOWN,11,peak_2,1,1,240,240
103AUP,12,non_peak_1,1,1,480,480
103AUP,12,non_peak_2,2,2,300,150
103AUP,12,peak_1,2,2,240,120
103DOWN,13,non_peak_1,8,8,480,60
103DOWN,13,non_peak_2,28,28,300,11
103DOWN,13,non_peak_3,10,10,180,18
103DOWN,13,peak_1,22,22,240,11
103DOWN,13,peak_2,21,21,240,12
103MDOWN,14,non_peak_2,2,2,300,150
103MDOWN,14,peak_1,2,2,240,120
103MDOWN,14,peak_2,2,2,240,120
103MUP,15,non_peak_2,2,2,300,150
103MUP,15,peak_1,3,3,240,80
103MUP,15,peak_2,1,1,240,240
103UP,16,non_peak_1,8,8,480,60
103UP,16,non_peak_2,29,29,300,11
103UP,16,non_peak_3,10,10,180,18
103UP,16,peak_1,21,21,240,12
103UP,16,peak_2,21,21,240,12
104DOWN,17,non_peak_1,1,1,480,480
104DOWN,17,non_peak_2,7,7,300,43
104DOWN,17,peak_1,5,5,240,48
104DOWN,17,peak_2,5,5,240,48
104UP,18,non_peak_1,2,2,480,240
104UP,18,non_peak_2,7,7,300,43
104UP,18,peak_1,6,6,240,40
104UP,18,peak_2,3,3,240,80
107DOWN,19,non_peak_1,1,1,480,480
107DOWN,19,non_peak_2,2,2,300,150
107DOWN,19,peak_1,3,3,240,80
107DOWN,19,peak_2,2,2,240,120
107UP,20,non_peak_1,3,3,480,160
107UP,20,non_peak_2,2,2,300,150
107UP,20,peak_1,2,2,240,120
107UP,20,peak_2,1,1,240,240
108DOWN,21,non_peak_2,2,2,300,150
108DOWN,21,peak_1,2,2,240,120
108DOWN,21,peak_2,1,1,240,240
108UP,22,non_peak_1,1,1,480,480
108UP,22,non_peak_2,1,1,300,300
108UP,22,peak_1,2,2,240,120
108UP,22,peak_2,1,1,240,240
109ARING,23,non_peak_1,8,8,480,60
109BRING,24,non_peak_3,8,8,180,23
109RING,25,non_peak_1,7,7,480,69
109RING,25,non_peak_2,22,22,300,14
109RING,25,non_peak_3,3,3,180,60
109RING,25,peak_1,17,17,240,15
109RING,25,peak_2,15,15,240,16
10DOWN,2,non_peak_2,1,1,300,300
10DOWN,2,peak_1,3,3,240,80
10DOWN,2,peak_2,2,2,240,120
10UP,3,non_peak_2,1,1,300,300
10UP,3,peak_1,3,3,240,80
10UP,3,peak_2,2,2,240,120
110ARING,30,non_peak_1,8,8,480,60
110BRING,31,non_peak_3,8,8,180,23
110RING,32,non_peak_1,7,7,480,69
110RING,32,non_peak_2,22,22,300,14
110RING,32,non_peak_3,3,3,180,60
110RING,32,peak_1,17,17,240,15
110RING,32,peak_2,15,15,240,16
111MDOWN,34,non_peak_1,4,4,480,120
111MDOWN,34,non_peak_2,10,10,300,30
111MDOWN,34,non_peak_3,5,5,180,36
111MDOWN,34,peak_1,8,8,240,30
111MDOWN,34,peak_2,8,8,240,30
111MUP,35,non_peak_1,4,4,480,120
111MUP,35,non_peak_2,10,10,300,30
111MUP,35,non_peak_3,5,5,180,36
111MUP,35,peak_1,8,8,240,30
111MUP,35,peak_2,8,8,240,30
111RING,33,non_peak_1,9,9,480,54
111RING,33,non_peak_2,12,12,300,25
111RING,33,non_peak_3,1,1,180,180
111RING,33,peak_1,10,10,240,24
111RING,33,peak_2,11,11,240,22
112RING,36,non_peak_1,8,8,480,60
112RING,36,non_peak_2,11,11,300,28
112RING,36,non_peak_3,2,2,180,90
112RING,36,peak_1,10,10,240,24
112RING,36,peak_2,11,11,240,22
113ADOWN,41,non_peak_1,1,1,480,480
113ADOWN,41,non_peak_2,2,2,300,150
113ADOWN,41,non_peak_3,1,1,180,180
113ADOWN,41,peak_1,2,2,240,120
113ADOWN,41,peak_2,2,2,240,120
113AUP,42,non_peak_1,2,2,480,240
113AUP,42,non_peak_2,2,2,300,150
113AUP,42,peak_1,2,2,240,120
113AUP,42,peak_2,2,2,240,120
113BDOWN,37,non_peak_1,4,4,480,120
113BDOWN,37,non_peak_2,10,10,300,30
113BDOWN,37,non_peak_3,5,5,180,36
113BDOWN,37,peak_1,8,8,240,30
113BDOWN,37,peak_2,8,8,240,30
113BUP,38,non_peak_1,4,4,480,120
113BUP,38,non_peak_2,10,10,300,30
113BUP,38,non_peak_3,5,5,180,36
113BUP,38,peak_1,8,8,240,30
113BUP,38,peak_2,8,8,240,30
113DOWN,39,non_peak_1,6,6,480,80
113DOWN,39,non_peak_2,15,15,300,20
113DOWN,39,non_peak_3,5,5,180,36
113DOWN,39,peak_1,12,12,240,20
113DOWN,39,peak_2,10,10,240,24
113UP,40,non_peak_1,10,10,480,48
113UP,40,non_peak_2,13,13,300,24
113UP,40,non_peak_3,2,2,180,90
113UP,40,peak_1,12,12,240,20
113UP,40,peak_2,11,11,240,22
114DOWN,43,non_peak_1,11,11,480,44
114DOWN,43,non_peak_2,21,21,300,15
114DOWN,43,non_peak_3,3,3,180,60
114DOWN,43,peak_1,20,20,240,12
114DOWN,43,peak_2,18,18,240,14
114UP,44,non_peak_1,6,6,480,80
114UP,44,non_peak_2,18,18,300,17
114UP,44,non_peak_3,5,5,180,36
114UP,44,peak_1,22,22,240,11
114UP,44,peak_2,22,22,240,11
115DOWN,45,non_peak_1,5,5,480,96
115DOWN,45,non_peak_2,13,13,300,24
115DOWN,45,non_peak_3,4,4,180,45
115DOWN,45,peak_1,9,9,240,27
115DOWN,45,peak_2,9,9,240,27
115UP,46,non_peak_1,9,9,480,54
115UP,46,non_peak_2,11,11,300,28
115UP,46,non_peak_3,1,1,180,180
115UP,46,peak_1,10,10,240,24
115UP,46,peak_2,9,9,240,27
117BDOWN,47,non_peak_1,2,2,480,240
117BDOWN,47,non_peak_2,4,4,300,75
117BDOWN,47,non_peak_3,2,2,180,90
117BDOWN,47,peak_1,4,4,240,60
117BDOWN,47,peak_2,4,4,240,60
117BUP,48,non_peak_1,3,3,480,160
117BUP,48,non_peak_2,4,4,300,75
117BUP,48,non_peak_3,1,1,180,180
117BUP,48,peak_1,4,4,240,60
117BUP,48,peak_2,4,4,240,60
117DDOWN,50,non_peak_1,1,1,480,480
117DDOWN,50,non_peak_2,3,3,300,100
117DDOWN,50,peak_1,2,2,240,120
117DDOWN,50,peak_2,2,2,240,120
117DOWN,49,non_peak_1,13,13,480,37
117DOWN,49,non_peak_2,23,23,300,14
117DOWN,49,non_peak_3,13,13,180,14
117DOWN,49,peak_1,17,17,240,15
117DOWN,49,peak_2,18,18,240,14
117DUP,51,non_peak_1,2,2,480,240
117DUP,51,non_peak_2,2,2,300,150
117DUP,51,peak_1,2,2,240,120
117DUP,51,peak_2,2,2,240,120
117UP,52,non_peak_1,14,14,480,35
117UP,52,non_peak_2,22,22,300,14
117UP,52,non_peak_3,10,10,180,18
117UP,52,peak_1,21,21,240,12
117UP,52,peak_2,17,17,240,15
118ADOWN,61,non_peak_1,1,1,480,480
118ADOWN,61,non_peak_2,2,2,300,150
118ADOWN,61,peak_1,3,3,240,80
118ADOWN,61,peak_2,2,2,240,120
118AUP,62,non_peak_1,1,1,480,480
118AUP,62,non_peak_2,1,1,300,300
118AUP,62,peak_1,4,4,240,60
118AUP,62,peak_2,2,2,240,120
118BDOWN,53,non_peak_1,3,3,480,160
118BDOWN,53,non_peak_2,5,5,300,60
118BDOWN,53,non_peak_3,1,1,180,180
118BDOWN,53,peak_1,4,4,240,60
118BDOWN,53,peak_2,5,5,240,48
118BUP,54,non_peak_1,3,3,480,160
118BUP,54,non_peak_2,5,5,300,60
118BUP,54,peak_1,5,5,240,48
118BUP,54,peak_2,5,5,240,48
118CDOWN,55,non_peak_1,1,1,480,480
118CDOWN,55,peak_1,1,1,240,240
118CDOWN,55,peak_2,1,1,240,240
118CUP,56,non_peak_1,1,1,480,480
118CUP,56,peak_1,1,1,240,240
118CUP,56,peak_2,1,1,240,240
118DDOWN,58,non_peak_1,1,1,480,480
118DDOWN,58,non_peak_2,4,4,300,75
118DDOWN,58,peak_1,2,2,240,120
118DDOWN,58,peak_2,3,3,240,80
118DOWN,57,non_peak_2,6,6,300,50
118DOWN,57,non_peak_3,4,4,180,45
118DOWN,57,peak_1,5,5,240,48
118DOWN,57,peak_2,4,4,240,60
118DUP,59,non_peak_1,1,1,480,480
118DUP,59,non_peak_2,4,4,300,75
118DUP,59,peak_1,3,3,240,80
118DUP,59,peak_2,2,2,240,120
118UP,60,non_peak_1,2,2,480,240
118UP,60,non_peak_2,6,6,300,50
118UP,60,non_peak_3,3,3,180,60
118UP,60,peak_1,4,4,240,60
118UP,60,peak_2,4,4,240,60
119ADOWN,65,non_peak_1,1,1,480,480
119ADOWN,65,non_peak_2,1,1,300,300
119ADOWN,65,peak_1,2,2,240,120
119ADOWN,65,peak_2,1,1,240,240
119AUP,66,non_peak_2,1,1,300,300
119AUP,66,non_peak_3,1,1,180,180
119AUP,66,peak_1,2,2,240,120
119AUP,66,peak_2,1,1,240,240
119DOWN,63,non_peak_1,7,7,480,69
119DOWN,63,non_peak_2,16,16,300,19
119DOWN,63,non_peak_3,7,7,180,26
119DOWN,63,peak_1,14,14,240,18
119DOWN,63,peak_2,14,14,240,18
119UP,64,non_peak_1,10,10,480,48
119UP,64,non_peak_2,17,17,300,18
119UP,64,non_peak_3,5,5,180,36
119UP,64,peak_1,12,12,240,20
119UP,64,peak_2,13,13,240,19
11ADOWN,67,non_peak_1,1,1,480,480
11ADOWN,67,non_peak_2,1,1,300,300
11ADOWN,67,peak_1,1,1,240,240
11ADOWN,67,peak_2,1,1,240,240
11AUP,68,non_peak_1,1,1,480,480
11AUP,68,non_peak_2,1,1,300,300
11AUP,68,peak_1,1,1,240,240
11AUP,68,peak_2,1,1,240,240
11BDOWN,26,peak_1,2,2,240,120
11BUP,27,non_peak_1,1,1,480,480
11BUP,27,peak_1,1,1,240,240
11CDOWN,69,non_peak_1,1,1,480,480
11CDOWN,69,non_peak_2,4,4,300,75
11CDOWN,69,peak_1,2,2,240,120
11CDOWN,69,peak_2,3,3,240,80
11CUP,70,non_peak_1,2,2,480,240
11CUP,70,non_peak_2,4,4,300,75
11CUP,70,peak_1,2,2,240,120
11CUP,70,peak_2,2,2,240,120
11DOWN,28,non_peak_1,4,4,480,120
11DOWN,28,non_peak_2,18,18,300,17
11DOWN,28,non_peak_3,8,8,180,23
11DOWN,28,peak_1,12,12,240,20
11DOWN,28,peak_2,12,12,240,20
11UP,29,non_peak_1,7,7,480,69
11UP,29,non_peak_2,16,16,300,19
11UP,29,non_peak_3,4,4,180,45
11UP,29,peak_1,14,14,240,18
11UP,29,peak_2,13,13,240,19
120DOWN,73,non_peak_1,3,3,480,160
120DOWN,73,non_peak_2,21,21,300,15
120DOWN,73,non_peak_3,7,7,180,26
120DOWN,73,peak_1,17,17,240,15
120DOWN,73,peak_2,16,16,240,15
120UP,74,non_peak_1,8,8,480,60
120UP,74,non_peak_2,23,23,300,14
120UP,74,non_peak_3,5,5,180,36
120UP,74,peak_1,16,16,240,15
120UP,74,peak_2,12,12,240,20
121DOWN,75,non_peak_1,14,14,480,35
121DOWN,75,non_peak_2,24,24,300,13
121DOWN,75,non_peak_3,4,4,180,45
121DOWN,75,peak_1,20,20,240,12
121DOWN,75,peak_2,18,18,240,14
121UP,76,non_peak_1,9,9,480,54
121UP,76,non_peak_2,24,24,300,13
121UP,76,non_peak_3,6,6,180,30
121UP,76,peak_1,20,20,240,12
121UP,76,peak_2,21,21,240,12
122ADOWN,77,non_peak_1,4,4,480,120
122ADOWN,77,non_peak_2,10,10,300,30
122ADOWN,77,non_peak_3,5,5,180,36
122ADOWN,77,peak_1,8,8,240,30
122ADOWN,77,peak_2,8,8,240,30
122AUP,78,non_peak_2,6,6,300,50
122BDOWN,81,non_peak_1,1,1,480,480
122BDOWN,81,non_peak_3,5,5,180,36
122BUP,82,non_peak_1,6,6,480,80
122DOWN,79,non_peak_1,5,5,480,96
122DOWN,79,non_peak_2,10,10,300,30
122DOWN,79,peak_1,7,7,240,35
122DOWN,79,peak_2,8,8,240,30
122UP,80,non_peak_1,2,2,480,240
122UP,80,non_peak_2,3,3,300,100
122UP,80,non_peak_3,3,3,180,60
122UP,80,peak_1,8,8,240,30
122UP,80,peak_2,8,8,240,30
123DOWN,83,non_peak_1,9,9,480,54
123DOWN,83,non_peak_2,20,20,300,15
123DOWN,83,non_peak_3,4,4,180,45
123DOWN,83,peak_1,15,15,240,16
123DOWN,83,peak_2,12,12,240,20
123UP,84,non_peak_1,6,6,480,80
123UP,84,non_peak_2,17,17,300,18
123UP,84,non_peak_3,6,6,180,30
123UP,84,peak_1,16,16,240,15
123UP,84,peak_2,15,15,240,16
125ADOWN,85,non_peak_1,1,1,480,480
125ADOWN,85,non_peak_2,1,1,300,300
125ADOWN,85,peak_2,1,1,240,240
125AUP,86,non_peak_1,1,1,480,480
125AUP,86,non_peak_2,1,1,300,300
125AUP,86,peak_1,1,1,240,240
125BDOWN,87,non_peak_1,2,2,480,240
125BDOWN,87,non_peak_2,3,3,300,100
125BUP,88,non_peak_1,1,1,480,480
125BUP,88,non_peak_2,3,3,300,100
125BUP,88,non_peak_3,1,1,180,180
125BUP,88,peak_2,1,1,240,240
125DOWN,89,non_peak_1,1,1,480,480
125DOWN,89,non_peak_2,3,3,300,100
125DOWN,89,peak_1,8,8,240,30
125DOWN,89,peak_2,5,5,240,48
125UP,90,non_peak_1,3,3,480,160
125UP,90,non_peak_2,3,3,300,100
125UP,90,peak_1,7,7,240,35
125UP,90,peak_2,5,5,240,48
126BDOWN,91,non_peak_1,4,4,480,120
126BDOWN,91,non_peak_2,10,10,300,30
126BDOWN,91,non_peak_3,5,5,180,36
126BDOWN,91,peak_1,8,8,240,30
126BDOWN,91,peak_2,8,8,240,30
126BUP,92,non_peak_1,1,1,480,480
126CDOWN,93,non_peak_1,1,1,480,480
126DDOWN,95,non_peak_3,1,1,180,180
126DOWN,94,non_peak_1,4,4,480,120
126DOWN,94,non_peak_2,12,12,300,25
126DOWN,94,non_peak_3,3,3,180,60
126DOWN,94,peak_1,10,10,240,24
126DOWN,94,peak_2,8,8,240,30
126UP,96,non_peak_1,2,2,480,240
126UP,96,non_peak_2,12,12,300,25
126UP,96,non_peak_3,2,2,180,90
126UP,96,peak_1,10,10,240,24
126UP,96,peak_2,9,9,240,27
128UP,1009,non_peak_1,4,4,480,120
128UP,1009,non_peak_2,10,10,300,30
128UP,1009,non_peak_3,5,5,180,36
128UP,1009,peak_1,8,8,240,30
128UP,1009,peak_2,8,8,240,30
12DOWN,71,non_peak_1,3,3,480,160
12DOWN,71,non_peak_2,9,9,300,34
12DOWN,71,non_peak_3,4,4,180,45
12DOWN,71,peak_1,6,6,240,40
12DOWN,71,peak_2,6,6,240,40
12UP,72,non_peak_1,5,5,480,96
12UP,72,non_peak_2,8,8,300,38
12UP,72,non_peak_3,1,1,180,180
12UP,72,peak_1,7,7,240,35
12UP,72,peak_2,7,7,240,35
130ADOWN,99,non_peak_1,6,6,480,80
130ADOWN,99,non_peak_2,6,6,300,50
130AUP,100,non_peak_2,6,6,300,50
130AUP,100,non_peak_3,6,6,180,30
130DOWN,101,non_peak_1,5,5,480,96
130DOWN,101,non_peak_2,13,13,300,24
130DOWN,101,non_peak_3,6,6,180,30
130DOWN,101,peak_1,12,12,240,20
130DOWN,101,peak_2,12,12,240,20
130UP,102,non_peak_1,8,8,480,60
130UP,102,non_peak_2,14,14,300,22
130UP,102,non_peak_3,4,4,180,45
130UP,102,peak_1,11,11,240,22
130UP,102,peak_2,11,11,240,22
131DOWN,103,non_peak_1,1,1,480,480
131DOWN,103,non_peak_2,2,2,300,150
131DOWN,103,peak_1,1,1,240,240
131DOWN,103,peak_2,1,1,240,240
131UP,104,non_peak_1,1,1,480,480
131UP,104,non_peak_2,1,1,300,300
131UP,104,non_peak_3,1,1,180,180
131UP,104,peak_1,1,1,240,240
131UP,104,peak_2,1,1,240,240
132DOWN,105,non_peak_1,3,3,480,160
132DOWN,105,non_peak_2,11,11,300,28
132DOWN,105,non_peak_3,3,3,180,60
132DOWN,105,peak_1,11,11,240,22
132DOWN,105,peak_2,8,8,240,30
132UP,106,non_peak_1,6,6,480,80
132UP,106,non_peak_2,10,10,300,30
132UP,106,non_peak_3,2,2,180,90
132UP,106,peak_1,11,11,240,22
132UP,106,peak_2,7,7,240,35
133ADOWN,109,non_peak_1,4,4,480,120
133ADOWN,109,non_peak_2,13,13,300,24
133ADOWN,109,non_peak_3,6,6,180,30
133ADOWN,109,peak_1,13,13,240,19
133ADOWN,109,peak_2,12,12,240,20
133AUP,110,non_peak_1,7,7,480,69
133AUP,110,non_peak_2,14,14,300,22
133AUP,110,non_peak_3,3,3,180,60
133AUP,110,peak_1,13,13,240,19
133AUP,110,peak_2,11,11,240,22
133DOWN,107,non_peak_1,4,4,480,120
133DOWN,107,non_peak_2,10,10,300,30
133DOWN,107,non_peak_3,5,5,180,36
133DOWN,107,peak_1,10,10,240,24
133DOWN,107,peak_2,9,9,240,27
133UP,108,non_peak_1,7,7,480,69
133UP,108,non_peak_2,10,10,300,30
133UP,108,non_peak_3,3,3,180,60
133UP,108,peak_1,9,9,240,27
133UP,108,peak_2,9,9,240,27
134DOWN,1051,non_peak_1,4,4,480,120
134DOWN,1051,non_peak_2,10,10,300,30
134DOWN,1051,non_peak_3,5,5,180,36
134DOWN,1051,peak_1,8,8,240,30
134DOWN,1051,peak_2,8,8,240,30
134UP,1052,non_peak_1,4,4,480,120
134UP,1052,non_peak_2,10,10,300,30
134UP,1052,non_peak_3,5,5,180,36
134UP,1052,peak_1,8,8,240,30
134UP,1052,peak_2,8,8,240,30
135ADOWN,113,non_peak_1,1,1,480,480
135AUP,114,peak_1,1,1,240,240
135DOWN,111,peak_1,1,1,240,240
135UP,112,peak_2,1,1,240,240
136DOWN,115,non_peak_2,1,1,300,300
136DOWN,115,peak_1,3,3,240,80
136DOWN,115,peak_2,2,2,240,120
136UP,116,non_peak_1,1,1,480,480
136UP,116,peak_1,3,3,240,80
136UP,116,peak_2,2,2,240,120
137ADOWN,119,non_peak_1,2,2,480,240
137ADOWN,119,peak_1,1,1,240,240
137AUP,120,peak_1,3,3,240,80
137DOWN,117,non_peak_2,3,3,300,100
137DOWN,117,peak_1,1,1,240,240
137DOWN,117,peak_2,2,2,240,120
137UP,118,non_peak_1,2,2,480,240
137UP,118,non_peak_2,2,2,300,150
137UP,118,peak_2,2,2,240,120
139 ADOWN,121,non_peak_1,4,4,480,120
139 ADOWN,121,non_peak_2,10,10,300,30
139 ADOWN,121,non_peak_3,5,5,180,36
139 ADOWN,121,peak_1,8,8,240,30
139 ADOWN,121,peak_2,8,8,240,30
139 AUP,122,non_peak_1,4,4,480,120
139 AUP,122,non_peak_2,10,10,300,30
139 AUP,122,non_peak_3,5,5,180,36
139 AUP,122,peak_1,8,8,240,30
139 AUP,122,peak_2,8,8,240,30
139ADOWN,1010,non_peak_1,4,4,480,120
139ADOWN,1010,non_peak_2,10,10,300,30
139ADOWN,1010,non_peak_3,6,6,180,30
139ADOWN,1010,peak_1,8,8,240,30
139ADOWN,1010,peak_2,8,8,240,30
139AUP,1011,non_peak_1,7,7,480,69
139AUP,1011,non_peak_2,10,10,300,30
139AUP,1011,non_peak_3,3,3,180,60
139AUP,1011,peak_1,8,8,240,30
139AUP,1011,peak_2,8,8,240,30
139BDOWN,125,non_peak_1,4,4,480,120
139BDOWN,125,non_peak_2,10,10,300,30
139BDOWN,125,non_peak_3,5,5,180,36
139BDOWN,125,peak_1,8,8,240,30
139BDOWN,125,peak_2,8,8,240,30
139BUP,126,non_peak_1,4,4,480,120
139BUP,126,non_peak_2,10,10,300,30
139BUP,126,non_peak_3,5,5,180,36
139BUP,126,peak_1,8,8,240,30
139BUP,126,peak_2,8,8,240,30
139DOWN,123,non_peak_1,6,6,480,80
139DOWN,123,non_peak_2,10,10,300,30
139DOWN,123,peak_1,8,8,240,30
139DOWN,123,peak_2,8,8,240,30
139UP,124,non_peak_1,2,2,480,240
139UP,124,non_peak_2,10,10,300,30
139UP,124,non_peak_3,4,4,180,45
139UP,124,peak_1,8,8,240,30
139UP,124,peak_2,8,8,240,30
13BDOWN,127,peak_1,1,1,240,240
13BDOWN,127,peak_2,1,1,240,240
13BUP,128,non_peak_2,1,1,300,300
13BUP,128,peak_1,1,1,240,240
13DOWN,97,non_peak_1,6,6,480,80
13DOWN,97,non_peak_2,23,23,300,14
13DOWN,97,non_peak_3,11,11,180,17
13DOWN,97,peak_1,23,23,240,11
13DOWN,97,peak_2,21,21,240,12
13MDOWN,129,non_peak_2,2,2,300,150
13MDOWN,129,peak_1,2,2,240,120
13MDOWN,129,peak_2,1,1,240,240
13MUP,130,non_peak_1,1,1,480,480
13MUP,130,non_peak_2,1,1,300,300
13MUP,130,peak_1,2,2,240,120
13MUP,130,peak_2,1,1,240,240
13UP,98,non_peak_1,12,12,480,40
13UP,98,non_peak_2,24,24,300,13
13UP,98,non_peak_3,6,6,180,30
13UP,98,peak_1,22,22,240,11
13UP,98,peak_2,20,20,240,12
140ADOWN,133,non_peak_2,2,2,300,150
140ADOWN,133,peak_1,1,1,240,240
140ADOWN,133,peak_2,1,1,240,240
140AUP,134,non_peak_2,1,1,300,300
140AUP,134,peak_1,2,2,240,120
140AUP,134,peak_2,1,1,240,240
140DOWN,131,non_peak_1,6,6,480,80
140DOWN,131,non_peak_2,23,23,300,14
140DOWN,131,non_peak_3,6,6,180,30
140DOWN,131,peak_1,18,18,240,14
140DOWN,131,peak_2,15,15,240,16
140UP,132,non_peak_1,10,10,480,48
140UP,132,non_peak_2,23,23,300,14
140UP,132,non_peak_3,3,3,180,60
140UP,132,peak_1,17,17,240,15
140UP,132,peak_2,15,15,240,16
141DOWN,135,non_peak_1,1,1,480,480
141DOWN,135,non_peak_2,3,3,300,100
141DOWN,135,peak_1,2,2,240,120
141DOWN,135,peak_2,2,2,240,120
141UP,136,non_peak_1,1,1,480,480
141UP,136,non_peak_2,2,2,300,150
141UP,136,peak_1,3,3,240,80
141UP,136,peak_2,2,2,240,120
142DOWN,137,non_peak_1,1,1,480,480
142DOWN,137,non_peak_2,2,2,300,150
142DOWN,137,peak_1,2,2,240,120
142DOWN,137,peak_2,2,2,240,120
142UP,138,non_peak_1,2,2,480,240
142UP,138,non_peak_2,2,2,300,150
142UP,138,peak_1,2,2,240,120
142UP,138,peak_2,1,1,240,240
143DOWN,139,non_peak_1,4,4,480,120
143DOWN,139,non_peak_2,8,8,300,38
143DOWN,139,non_peak_3,3,3,180,60
143DOWN,139,peak_1,7,7,240,35
143DOWN,139,peak_2,6,6,240,40
143UP,140,non_peak_1,6,6,480,80
143UP,140,non_peak_2,9,9,300,34
143UP,140,non_peak_3,1,1,180,180
143UP,140,peak_1,6,6,240,40
143UP,140,peak_2,6,6,240,40
144ACDOWN,145,non_peak_1,4,4,480,120
144ACDOWN,145,non_peak_2,10,10,300,30
144ACDOWN,145,non_peak_3,5,5,180,36
144ACDOWN,145,peak_1,8,8,240,30
144ACDOWN,145,peak_2,8,8,240,30
144ACUP,146,non_peak_1,4,4,480,120
144ACUP,146,non_peak_2,10,10,300,30
144ACUP,146,non_peak_3,5,5,180,36
144ACUP,146,peak_1,8,8,240,30
144ACUP,146,peak_2,8,8,240,30
144ADOWN,147,non_peak_1,1,1,480,480
144ADOWN,147,non_peak_2,2,2,300,150
144ADOWN,147,non_peak_3,1,1,180,180
144ADOWN,147,peak_1,1,1,240,240
144ADOWN,147,peak_2,1,1,240,240
144AUP,148,non_peak_1,1,1,480,480
144AUP,148,non_peak_2,1,1,300,300
144AUP,148,peak_1,2,2,240,120
144AUP,148,peak_2,2,2,240,120
144BDOWN,141,non_peak_1,6,6,480,80
144BDOWN,141,non_peak_2,1,1,300,300
144BUP,142,non_peak_3,5,5,180,36
144DOWN,143,non_peak_1,2,2,480,240
144DOWN,143,non_peak_2,8,8,300,38
144DOWN,143,non_peak_3,2,2,180,90
144DOWN,143,peak_1,7,7,240,35
144DOWN,143,peak_2,6,6,240,40
144KDOWN,149,non_peak_2,1,1,300,300
144KDOWN,149,peak_1,2,2,240,120
144KDOWN,149,peak_2,2,2,240,120
144KUP,150,non_peak_1,1,1,480,480
144KUP,150,non_peak_2,2,2,300,150
144KUP,150,peak_1,1,1,240,240
144KUP,150,peak_2,1,1,240,240
144UP,144,non_peak_1,4,4,480,120
144UP,144,non_peak_2,8,8,300,38
144UP,144,peak_1,7,7,240,35
144UP,144,peak_2,6,6,240,40
145DOWN,151,non_peak_1,1,1,480,480
145DOWN,151,non_peak_2,2,2,300,150
145DOWN,151,non_peak_3,1,1,180,180
145DOWN,151,peak_1,2,2,240,120
145DOWN,151,peak_2,1,1,240,240
145UP,152,non_peak_1,2,2,480,240
145UP,152,non_peak_2,2,2,300,150
145UP,152,peak_1,1,1,240,240
145UP,152,peak_2,2,2,240,120
146DOWN,153,non_peak_1,4,4,480,120
146DOWN,153,non_peak_2,10,10,300,30
146DOWN,153,non_peak_3,4,4,180,45
146DOWN,153,peak_1,10,10,240,24
146DOWN,153,peak_2,8,8,240,30
146UP,154,non_peak_1,6,6,480,80
146UP,154,non_peak_2,10,10,300,30
146UP,154,non_peak_3,2,2,180,90
146UP,154,peak_1,10,10,240,24
146UP,154,peak_2,8,8,240,30
147DOWN,155,non_peak_1,1,1,480,480
147DOWN,155,non_peak_2,1,1,300,300
147DOWN,155,peak_1,1,1,240,240
147UP,156,non_peak_2,1,1,300,300
147UP,156,peak_1,1,1,240,240
147UP,156,peak_2,1,1,240,240
148ABDOWN,159,non_peak_1,1,1,480,480
148ABDOWN,159,non_peak_2,8,8,300,38
148ABDOWN,159,peak_1,5,5,240,48
148ABDOWN,159,peak_2,2,2,240,120
148ABUP,160,non_peak_1,3,3,480,160
148ABUP,160,non_peak_2,8,8,300,38
148ABUP,160,peak_1,3,3,240,80
148ABUP,160,peak_2,2,2,240,120
148ADOWN,161,non_peak_1,4,4,480,120
148ADOWN,161,non_peak_2,7,7,300,43
148ADOWN,161,non_peak_3,3,3,180,60
148ADOWN,161,peak_1,5,5,240,48
148ADOWN,161,peak_2,5,5,240,48
148AUP,162,non_peak_1,4,4,480,120
148AUP,162,non_peak_2,7,7,300,43
148AUP,162,non_peak_3,3,3,180,60
148AUP,162,peak_1,5,5,240,48
148AUP,162,peak_2,5,5,240,48
148DOWN,157,non_peak_1,2,2,480,240
148DOWN,157,non_peak_2,15,15,300,20
148DOWN,157,non_peak_3,2,2,180,90
148DOWN,157,peak_1,12,12,240,20
148DOWN,157,peak_2,11,11,240,22
148UP,158,non_peak_1,7,7,480,69
148UP,158,non_peak_2,15,15,300,20
148UP,158,peak_1,12,12,240,20
148UP,158,peak_2,8,8,240,30
149DOWN,163,non_peak_1,12,12,480,40
149DOWN,163,non_peak_2,24,24,300,13
149DOWN,163,non_peak_3,10,10,180,18
149DOWN,163,peak_1,21,21,240,12
149DOWN,163,peak_2,20,20,240,12
149UP,164,non_peak_1,17,17,480,29
149UP,164,non_peak_2,25,25,300,12
149UP,164,non_peak_3,5,5,180,36
149UP,164,peak_1,22,22,240,11
149UP,164,peak_2,18,18,240,14
151DOWN,167,non_peak_1,7,7,480,69
151DOWN,167,non_peak_2,12,12,300,25
151DOWN,167,non_peak_3,6,6,180,30
151DOWN,167,peak_1,11,11,240,22
151DOWN,167,peak_2,12,12,240,20
151UP,168,non_peak_1,11,11,480,44
151UP,168,non_peak_2,11,11,300,28
151UP,168,non_peak_3,2,2,180,90
151UP,168,peak_1,11,11,240,22
151UP,168,peak_2,13,13,240,19
152ADOWN,169,non_peak_2,1,1,300,300
152ADOWN,169,non_peak_3,1,1,180,180
152AUP,170,non_peak_1,1,1,480,480
152AUP,170,non_peak_2,1,1,300,300
152BDOWN,171,non_peak_1,4,4,480,120
152BDOWN,171,non_peak_2,10,10,300,30
152BDOWN,171,non_peak_3,5,5,180,36
152BDOWN,171,peak_1,8,8,240,30
152BDOWN,171,peak_2,8,8,240,30
152BUP,172,non_peak_1,4,4,480,120
152BUP,172,non_peak_2,10,10,300,30
152BUP,172,non_peak_3,5,5,180,36
152BUP,172,peak_1,8,8,240,30
152BUP,172,peak_2,8,8,240,30
152CDOWN,173,non_peak_1,1,1,480,480
152CDOWN,173,non_peak_2,1,1,300,300
152CDOWN,173,peak_1,3,3,240,80
152CDOWN,173,peak_2,3,3,240,80
152CUP,174,non_peak_1,1,1,480,480
152CUP,174,non_peak_2,1,1,300,300
152CUP,174,non_peak_3,1,1,180,180
152CUP,174,peak_1,3,3,240,80
152CUP,174,peak_2,2,2,240,120
152DDOWN,177,non_peak_1,6,6,480,80
152DDOWN,177,non_peak_2,6,6,300,50
152DDOWN,177,peak_1,1,1,240,240
152DOWN,175,non_peak_1,2,2,480,240
152DOWN,175,non_peak_2,8,8,300,38
152DOWN,175,non_peak_3,2,2,180,90
152DOWN,175,peak_1,12,12,240,20
152DOWN,175,peak_2,9,9,240,27
152DUP,178,non_peak_2,6,6,300,50
152DUP,178,non_peak_3,5,5,180,36
152DUP,178,peak_2,2,2,240,120
152EUP,1053,non_peak_1,4,4,480,120
152EUP,1053,non_peak_2,10,10,300,30
152EUP,1053,non_peak_3,5,5,180,36
152EUP,1053,peak_1,8,8,240,30
152EUP,1053,peak_2,8,8,240,30
152UP,176,non_peak_1,5,5,480,96
152UP,176,non_peak_2,7,7,300,43
152UP,176,peak_1,13,13,240,19
152UP,176,peak_2,8,8,240,30
153DOWN,179,non_peak_1,2,2,480,240
153DOWN,179,non_peak_2,2,2,300,150
153DOWN,179,peak_1,2,2,240,120
153DOWN,179,peak_2,1,1,240,240
153UP,180,non_peak_1,1,1,480,480
153UP,180,non_peak_2,2,2,300,150
153UP,180,peak_1,2,2,240,120
153UP,180,peak_2,2,2,240,120
154DOWN,181,non_peak_1,8,8,480,60
154DOWN,181,non_peak_2,14,14,300,22
154DOWN,181,non_peak_3,4,4,180,45
154DOWN,181,peak_1,11,11,240,22
154DOWN,181,peak_2,11,11,240,22
154UP,182,non_peak_1,4,4,480,120
154UP,182,non_peak_2,13,13,300,24
154UP,182,non_peak_3,8,8,180,23
154UP,182,peak_1,12,12,240,20
154UP,182,peak_2,11,11,240,22
155DOWN,183,non_peak_1,8,8,480,60
155DOWN,183,non_peak_2,13,13,300,24
155DOWN,183,non_peak_3,3,3,180,60
155DOWN,183,peak_1,11,11,240,22
155DOWN,183,peak_2,11,11,240,22
155UP,184,non_peak_1,5,5,480,96
155UP,184,non_peak_2,13,13,300,24
155UP,184,non_peak_3,6,6,180,30
155UP,184,peak_1,10,10,240,24
155UP,184,peak_2,12,12,240,20
156ADOWN,187,non_peak_2,1,1,300,300
156ADOWN,187,peak_1,1,1,240,240
156AUP,188,non_peak_2,1,1,300,300
156AUP,188,peak_1,1,1,240,240
156DOWN,185,non_peak_2,2,2,300,150
156DOWN,185,peak_1,2,2,240,120
156DOWN,185,peak_2,2,2,240,120
156UP,186,non_peak_2,2,2,300,150
156UP,186,peak_1,2,2,240,120
156UP,186,peak_2,2,2,240,120
157DOWN,1054,non_peak_1,4,4,480,120
157DOWN,1054,non_peak_2,10,10,300,30
157DOWN,1054,non_peak_3,5,5,180,36
157DOWN,1054,peak_1,8,8,240,30
157DOWN,1054,peak_2,8,8,240,30
157UP,1055,non_peak_1,4,4,480,120
157UP,1055,non_peak_2,10,10,300,30
157UP,1055,non_peak_3,5,5,180,36
157UP,1055,peak_1,8,8,240,30
157UP,1055,peak_2,8,8,240,30
158ADOWN,189,non_peak_1,10,10,480,48
158ADOWN,189,non_peak_2,12,12,300,25
158ADOWN,189,peak_1,4,4,240,60
158ADOWN,189,peak_2,2,2,240,120
158AUP,190,non_peak_1,1,1,480,480
158AUP,190,non_peak_2,13,13,300,24
158AUP,190,non_peak_3,9,9,180,20
158AUP,190,peak_1,1,1,240,240
158AUP,190,peak_2,4,4,240,60
158BDOWN,191,non_peak_2,1,1,300,300
158BDOWN,191,non_peak_3,1,1,180,180
158BDOWN,191,peak_1,2,2,240,120
158BDOWN,191,peak_2,2,2,240,120
158BUP,192,non_peak_1,1,1,480,480
158BUP,192,non_peak_2,1,1,300,300
158BUP,192,peak_1,2,2,240,120
158BUP,192,peak_2,2,2,240,120
158CDOWN,195,non_peak_1,4,4,480,120
158CDOWN,195,non_peak_2,10,10,300,30
158CDOWN,195,non_peak_3,5,5,180,36
158CDOWN,195,peak_1,8,8,240,30
158CDOWN,195,peak_2,8,8,240,30
158CUP,196,non_peak_1,4,4,480,120
158CUP,196,non_peak_2,10,10,300,30
158CUP,196,non_peak_3,5,5,180,36
158CUP,196,peak_1,8,8,240,30
158CUP,196,peak_2,8,8,240,30
158DOWN,193,non_peak_1,3,3,480,160
158DOWN,193,non_peak_2,14,14,300,22
158DOWN,193,non_peak_3,6,6,180,30
158DOWN,193,peak_1,17,17,240,15
158DOWN,193,peak_2,17,17,240,15
158UP,194,non_peak_1,5,5,480,96
158UP,194,non_peak_2,9,9,300,34
158UP,194,peak_1,23,23,240,11
158UP,194,peak_2,20,20,240,12
159ADOWN,197,non_peak_1,2,2,480,240
159AUP,198,non_peak_1,2,2,480,240
159BDOWN,201,non_peak_2,1,1,300,300
159BDOWN,201,peak_1,2,2,240,120
159BDOWN,201,peak_2,1,1,240,240
159BUP,202,non_peak_1,1,1,480,480
159BUP,202,non_peak_2,2,2,300,150
159BUP,202,peak_2,1,1,240,240
159CDOWN,203,non_peak_1,1,1,480,480
159CDOWN,203,peak_1,1,1,240,240
159CUP,204,non_peak_1,1,1,480,480
159CUP,204,peak_1,1,1,240,240
159DOWN,199,non_peak_1,9,9,480,54
159DOWN,199,non_peak_2,22,22,300,14
159DOWN,199,non_peak_3,13,13,180,14
159DOWN,199,peak_1,15,15,240,16
159DOWN,199,peak_2,14,14,240,18
159UP,200,non_peak_1,14,14,480,35
159UP,200,non_peak_2,21,21,300,15
159UP,200,non_peak_3,3,3,180,60
159UP,200,peak_1,18,18,240,14
159UP,200,peak_2,18,18,240,14
15DOWN,165,non_peak_1,2,2,480,240
15DOWN,165,non_peak_2,16,16,300,19
15DOWN,165,non_peak_3,4,4,180,45
15DOWN,165,peak_1,14,14,240,18
15DOWN,165,peak_2,14,14,240,18
15UP,166,non_peak_1,8,8,480,60
15UP,166,non_peak_2,15,15,300,20
15UP,166,non_peak_3,1,1,180,180
15UP,166,peak_1,15,15,240,16
15UP,166,peak_2,11,11,240,22
160DOWN,205,non_peak_1,2,2,480,240
160DOWN,205,non_peak_2,7,7,300,43
160DOWN,205,non_peak_3,2,2,180,90
160DOWN,205,peak_1,5,5,240,48
160DOWN,205,peak_2,4,4,240,60
160UP,206,non_peak_1,3,3,480,160
160UP,206,non_peak_2,6,6,300,50
160UP,206,peak_1,6,6,240,40
160UP,206,peak_2,5,5,240,48
161ADOWN,209,peak_1,2,2,240,120
161ADOWN,209,peak_2,2,2,240,120
161AUP,210,non_peak_1,2,2,480,240
161AUP,210,non_peak_2,2,2,300,150
161BDOWN,211,non_peak_1,1,1,480,480
161BDOWN,211,non_peak_2,1,1,300,300
161BDOWN,211,peak_1,3,3,240,80
161BDOWN,211,peak_2,3,3,240,80
161BUP,212,peak_1,4,4,240,60
161BUP,212,peak_2,4,4,240,60
161CDOWN,1056,non_peak_1,4,4,480,120
161CDOWN,1056,non_peak_2,10,10,300,30
161CDOWN,1056,non_peak_3,5,5,180,36
161CDOWN,1056,peak_1,8,8,240,30
161CDOWN,1056,peak_2,8,8,240,30
161CUP,1057,non_peak_1,4,4,480,120
161CUP,1057,non_peak_2,10,10,300,30
161CUP,1057,non_peak_3,5,5,180,36
161CUP,1057,peak_1,8,8,240,30
161CUP,1057,peak_2,8,8,240,30
161DDOWN,1058,non_peak_1,4,4,480,120
161DDOWN,1058,non_peak_2,10,10,300,30
161DDOWN,1058,non_peak_3,5,5,180,36
161DDOWN,1058,peak_1,8,8,240,30
161DDOWN,1058,peak_2,8,8,240,30
161DOWN,207,non_peak_1,2,2,480,240
161DOWN,207,non_peak_2,8,8,300,38
161DOWN,207,non_peak_3,3,3,180,60
161DOWN,207,peak_1,7,7,240,35
161DOWN,207,peak_2,7,7,240,35
161DUP,1059,non_peak_1,4,4,480,120
161DUP,1059,non_peak_2,10,10,300,30
161DUP,1059,non_peak_3,5,5,180,36
161DUP,1059,peak_1,8,8,240,30
161DUP,1059,peak_2,8,8,240,30
161UP,208,non_peak_1,5,5,480,96
161UP,208,non_peak_2,9,9,300,34
161UP,208,peak_1,6,6,240,40
161UP,208,peak_2,7,7,240,35
162DOWN,213,non_peak_1,1,1,480,480
162DOWN,213,non_peak_2,1,1,300,300
162DOWN,213,peak_1,1,1,240,240
162UP,214,non_peak_2,1,1,300,300
162UP,214,peak_1,1,1,240,240
162UP,214,peak_2,1,1,240,240
163ADOWN,215,non_peak_2,1,1,300,300
163ADOWN,215,non_peak_3,2,2,180,90
163AUP,216,non_peak_1,2,2,480,240
163AUP,216,non_peak_2,2,2,300,150
163DOWN,217,non_peak_1,5,5,480,96
163DOWN,217,non_peak_2,10,10,300,30
163DOWN,217,non_peak_3,6,6,180,30
163DOWN,217,peak_1,11,11,240,22
163DOWN,217,peak_2,10,10,240,24
163UP,218,non_peak_1,8,8,480,60
163UP,218,non_peak_2,11,11,300,28
163UP,218,non_peak_3,4,4,180,45
163UP,218,peak_1,10,10,240,24
163UP,218,peak_2,9,9,240,27
164ADOWN,221,non_peak_1,1,1,480,480
164ADOWN,221,non_peak_2,1,1,300,300
164ADOWN,221,peak_1,2,2,240,120
164AUP,222,non_peak_2,1,1,300,300
164AUP,222,peak_1,2,2,240,120
164AUP,222,peak_2,1,1,240,240
164DOWN,219,non_peak_2,1,1,300,300
164DOWN,219,peak_1,2,2,240,120
164DOWN,219,peak_2,2,2,240,120
164UP,220,non_peak_1,1,1,480,480
164UP,220,non_peak_2,1,1,300,300
164UP,220,peak_1,1,1,240,240
164UP,220,peak_2,2,2,240,120
165DOWN,223,non_peak_1,8,8,480,60
165DOWN,223,non_peak_2,21,21,300,15
165DOWN,223,non_peak_3,9,9,180,20
165DOWN,223,peak_1,17,17,240,15
165DOWN,223,peak_2,19,19,240,13
165UP,224,non_peak_1,11,11,480,44
165UP,224,non_peak_2,21,21,300,15
165UP,224,non_peak_3,3,3,180,60
165UP,224,peak_1,20,20,240,12
165UP,224,peak_2,18,18,240,14
166ADOWN,227,non_peak_1,1,1,480,480
166ADOWN,227,peak_1,1,1,240,240
166AUP,228,peak_2,1,1,240,240
166BDOWN,229,non_peak_2,1,1,300,300
166BUP,230,non_peak_1,1,1,480,480
166BUP,230,non_peak_2,1,1,300,300
166CDOWN,231,peak_2,1,1,240,240
166CUP,232,non_peak_1,1,1,480,480
166CUP,232,peak_1,1,1,240,240
166DOWN,225,non_peak_1,4,4,480,120
166DOWN,225,non_peak_2,12,12,300,25
166DOWN,225,non_peak_3,6,6,180,30
166DOWN,225,peak_1,11,11,240,22
166DOWN,225,peak_2,10,10,240,24
166UP,226,non_peak_1,6,6,480,80
166UP,226,non_peak_2,12,12,300,25
166UP,226,non_peak_3,4,4,180,45
166UP,226,peak_1,10,10,240,24
166UP,226,peak_2,10,10,240,24
167ADOWN,1060,non_peak_1,4,4,480,120
167ADOWN,1060,non_peak_2,10,10,300,30
167ADOWN,1060,non_peak_3,5,5,180,36
167ADOWN,1060,peak_1,8,8,240,30
167ADOWN,1060,peak_2,8,8,240,30
167AUP,1061,non_peak_1,4,4,480,120
167AUP,1061,non_peak_2,10,10,300,30
167AUP,1061,non_peak_3,5,5,180,36
167AUP,1061,peak_1,8,8,240,30
167AUP,1061,peak_2,8,8,240,30
167DOWN,233,non_peak_1,12,12,480,40
167DOWN,233,non_peak_2,25,25,300,12
167DOWN,233,non_peak_3,16,16,180,12
167DOWN,233,peak_1,24,24,240,10
167DOWN,233,peak_2,25,25,240,10
167MDOWN,1062,non_peak_2,1,1,300,300
167MDOWN,1062,peak_1,2,2,240,120
167MDOWN,1062,peak_2,2,2,240,120
167MUP,1063,non_peak_2,2,2,300,150
167MUP,1063,peak_1,2,2,240,120
167MUP,1063,peak_2,1,1,240,240
167UP,234,non_peak_1,19,19,480,26
167UP,234,non_peak_2,27,27,300,12
167UP,234,non_peak_3,12,12,180,15
167UP,234,peak_1,22,22,240,11
167UP,234,peak_2,22,22,240,11
168DOWN,235,non_peak_1,4,4,480,120
168DOWN,235,non_peak_2,15,15,300,20
168DOWN,235,non_peak_3,8,8,180,23
168DOWN,235,peak_1,13,13,240,19
168DOWN,235,peak_2,14,14,240,18
168UP,236,non_peak_1,8,8,480,60
168UP,236,non_peak_2,14,14,300,22
168UP,236,non_peak_3,5,5,180,36
168UP,236,peak_1,13,13,240,19
168UP,236,peak_2,11,11,240,22
169DOWN,237,non_peak_1,5,5,480,96
169DOWN,237,non_peak_2,14,14,300,22
169DOWN,237,non_peak_3,8,8,180,23
169DOWN,237,peak_1,13,13,240,19
169DOWN,237,peak_2,13,13,240,19
169MDOWN,239,non_peak_2,2,2,300,150
169MDOWN,239,peak_1,2,2,240,120
169MDOWN,239,peak_2,1,1,240,240
169MUP,240,non_peak_1,1,1,480,480
169MUP,240,non_peak_2,1,1,300,300
169MUP,240,peak_1,2,2,240,120
169MUP,240,peak_2,1,1,240,240
169UP,238,non_peak_1,8,8,480,60
169UP,238,non_peak_2,15,15,300,20
169UP,238,non_peak_3,5,5,180,36
169UP,238,peak_1,13,13,240,19
169UP,238,peak_2,12,12,240,20
170ADOWN,243,non_peak_1,2,2,480,240
170ADOWN,243,non_peak_2,2,2,300,150
170ADOWN,243,non_peak_3,1,1,180,180
170ADOWN,243,peak_1,2,2,240,120
170ADOWN,243,peak_2,2,2,240,120
170AUP,244,non_peak_1,2,2,480,240
170AUP,244,non_peak_2,2,2,300,150
170AUP,244,non_peak_3,1,1,180,180
170AUP,244,peak_1,2,2,240,120
170AUP,244,peak_2,2,2,240,120
170BDOWN,245,non_peak_1,1,1,480,480
170BDOWN,245,non_peak_2,2,2,300,150
170BDOWN,245,non_peak_3,1,1,180,180
170BDOWN,245,peak_1,2,2,240,120
170BDOWN,245,peak_2,1,1,240,240
170BUP,246,non_peak_1,1,1,480,480
170BUP,246,non_peak_2,2,2,300,150
170BUP,246,peak_1,2,2,240,120
170BUP,246,peak_2,2,2,240,120
170EDOWN,248,peak_1,2,2,240,120
170EDOWN,248,peak_2,2,2,240,120
170EUP,249,non_peak_1,1,1,480,480
170EUP,249,peak_1,1,1,240,240
170EUP,249,peak_2,2,2,240,120
170MRING,250,non_peak_2,2,2,300,150
170MRING,250,peak_1,3,3,240,80
170MRING,250,peak_2,1,1,240,240
170RING,247,non_peak_1,16,16,480,30
170RING,247,non_peak_2,25,25,300,12
170RING,247,non_peak_3,8,8,180,23
170RING,247,peak_1,19,19,240,13
170RING,247,peak_2,17,17,240,15
172DOWN,251,non_peak_1,1,1,480,480
172DOWN,251,non_peak_2,2,2,300,150
172DOWN,251,non_peak_3,1,1,180,180
172DOWN,251,peak_1,1,1,240,240
172DOWN,251,peak_2,1,1,240,240
172UP,252,non_peak_1,1,1,480,480
172UP,252,non_peak_2,2,2,300,150
172UP,252,peak_1,2,2,240,120
172UP,252,peak_2,1,1,240,240
174DOWN,253,non_peak_1,5,5,480,96
174DOWN,253,non_peak_2,13,13,300,24
174DOWN,253,non_peak_3,5,5,180,36
174DOWN,253,peak_1,9,9,240,27
174DOWN,253,peak_2,8,8,240,30
174UP,254,non_peak_1,8,8,480,60
174UP,254,non_peak_2,12,12,300,25
174UP,254,non_peak_3,1,1,180,180
174UP,254,peak_1,10,10,240,24
174UP,254,peak_2,9,9,240,27
175ADOWN,255,non_peak_1,1,1,480,480
175ADOWN,255,peak_1,1,1,240,240
175AUP,256,peak_1,1,1,240,240
175AUP,256,peak_2,1,1,240,240
175DOWN,257,non_peak_1,1,1,480,480
175DOWN,257,non_peak_2,1,1,300,300
175DOWN,257,peak_2,1,1,240,240
175UP,258,non_peak_1,1,1,480,480
175UP,258,non_peak_2,1,1,300,300
175UP,258,peak_1,1,1,240,240
177ADOWN,259,non_peak_1,1,1,480,480
177ADOWN,259,non_peak_2,2,2,300,150
177ADOWN,259,peak_1,2,2,240,120
177ADOWN,259,peak_2,1,1,240,240
177AUP,260,non_peak_1,2,2,480,240
177AUP,260,non_peak_2,2,2,300,150
177AUP,260,peak_1,1,1,240,240
177AUP,260,peak_2,1,1,240,240
177DOWN,261,non_peak_1,4,4,480,120
177DOWN,261,non_peak_2,6,6,300,50
177DOWN,261,non_peak_3,3,3,180,60
177DOWN,261,peak_1,7,7,240,35
177DOWN,261,peak_2,8,8,240,30
177UP,262,non_peak_1,5,5,480,96
177UP,262,non_peak_2,7,7,300,43
177UP,262,non_peak_3,2,2,180,90
177UP,262,peak_1,7,7,240,35
177UP,262,peak_2,7,7,240,35
179DOWN,263,non_peak_1,1,1,480,480
179DOWN,263,non_peak_2,2,2,300,150
179DOWN,263,non_peak_3,1,1,180,180
179DOWN,263,peak_1,1,1,240,240
179DOWN,263,peak_2,1,1,240,240
179UP,264,non_peak_1,2,2,480,240
179UP,264,non_peak_2,1,1,300,300
179UP,264,peak_1,1,1,240,240
179UP,264,peak_2,2,2,240,120
17ADOWN,1012,non_peak_1,4,4,480,120
17ADOWN,1012,non_peak_2,10,10,300,30
17ADOWN,1012,non_peak_3,5,5,180,36
17ADOWN,1012,peak_1,8,8,240,30
17ADOWN,1012,peak_2,8,8,240,30
17AUP,1013,non_peak_1,4,4,480,120
17AUP,1013,non_peak_2,10,10,300,30
17AUP,1013,non_peak_3,5,5,180,36
17AUP,1013,peak_1,8,8,240,30
17AUP,1013,peak_2,8,8,240,30
17DOWN,241,non_peak_1,6,6,480,80
17DOWN,241,non_peak_2,19,19,300,16
17DOWN,241,non_peak_3,8,8,180,23
17DOWN,241,peak_1,17,17,240,15
17DOWN,241,peak_2,18,18,240,14
17UP,242,non_peak_1,10,10,480,48
17UP,242,non_peak_2,18,18,300,17
17UP,242,non_peak_3,4,4,180,45
17UP,242,peak_1,19,19,240,13
17UP,242,peak_2,17,17,240,15
180DOWN,265,non_peak_1,4,4,480,120
180DOWN,265,non_peak_2,11,11,300,28
180DOWN,265,peak_1,10,10,240,24
180DOWN,265,peak_2,8,8,240,30
180UP,266,non_peak_1,2,2,480,240
180UP,266,non_peak_2,10,10,300,30
180UP,266,non_peak_3,2,2,180,90
180UP,266,peak_1,10,10,240,24
180UP,266,peak_2,9,9,240,27
181ADOWN,267,non_peak_1,1,1,480,480
181ADOWN,267,non_peak_2,2,2,300,150
181ADOWN,267,peak_1,2,2,240,120
181ADOWN,267,peak_2,2,2,240,120
181AUP,268,non_peak_1,2,2,480,240
181AUP,268,non_peak_2,3,3,300,100
181AUP,268,peak_1,1,1,240,240
181AUP,268,peak_2,1,1,240,240
181DOWN,269,non_peak_1,1,1,480,480
181DOWN,269,non_peak_2,2,2,300,150
181DOWN,269,non_peak_3,1,1,180,180
181DOWN,269,peak_1,2,2,240,120
181DOWN,269,peak_2,2,2,240,120
181UP,270,non_peak_1,1,1,480,480
181UP,270,non_peak_2,2,2,300,150
181UP,270,non_peak_3,1,1,180,180
181UP,270,peak_1,2,2,240,120
181UP,270,peak_2,2,2,240,120
182DOWN,271,peak_1,2,2,240,120
182DOWN,271,peak_2,1,1,240,240
182UP,272,non_peak_2,1,1,300,300
182UP,272,peak_1,1,1,240,240
182UP,272,peak_2,1,1,240,240
183ADOWN,275,non_peak_1,1,1,480,480
183ADOWN,275,non_peak_2,1,1,300,300
183ADOWN,275,peak_1,2,2,240,120
183ADOWN,275,peak_2,2,2,240,120
183AUP,276,non_peak_1,1,1,480,480
183AUP,276,non_peak_2,1,1,300,300
183AUP,276,peak_1,2,2,240,120
183AUP,276,peak_2,2,2,240,120
183BDOWN,277,non_peak_2,1,1,300,300
183BDOWN,277,non_peak_3,1,1,180,180
183BUP,278,non_peak_1,1,1,480,480
183BUP,278,non_peak_2,1,1,300,300
183DOWN,273,non_peak_1,3,3,480,160
183DOWN,273,non_peak_2,5,5,300,60
183DOWN,273,non_peak_3,1,1,180,180
183DOWN,273,peak_1,3,3,240,80
183DOWN,273,peak_2,4,4,240,60
183UP,274,non_peak_1,4,4,480,120
183UP,274,non_peak_2,5,5,300,60
183UP,274,peak_1,3,3,240,80
183UP,274,peak_2,4,4,240,60
184DOWN,279,non_peak_1,1,1,480,480
184DOWN,279,non_peak_2,2,2,300,150
184DOWN,279,peak_1,2,2,240,120
184DOWN,279,peak_2,3,3,240,80
184UP,280,non_peak_1,2,2,480,240
184UP,280,non_peak_2,2,2,300,150
184UP,280,peak_1,2,2,240,120
184UP,280,peak_2,2,2,240,120
185DOWN,281,non_peak_1,2,2,480,240
185DOWN,281,non_peak_2,5,5,300,60
185DOWN,281,non_peak_3,2,2,180,90
185DOWN,281,peak_1,4,4,240,60
185DOWN,281,peak_2,3,3,240,80
185UP,282,non_peak_1,3,3,480,160
185UP,282,non_peak_2,5,5,300,60
185UP,282,non_peak_3,1,1,180,180
185UP,282,peak_1,4,4,240,60
185UP,282,peak_2,3,3,240,80
186DOWN,283,non_peak_2,3,3,300,100
186DOWN,283,peak_1,4,4,240,60
186DOWN,283,peak_2,2,2,240,120
186UP,284,non_peak_1,1,1,480,480
186UP,284,non_peak_2,2,2,300,150
186UP,284,peak_1,4,4,240,60
186UP,284,peak_2,2,2,240,120
187DOWN,285,non_peak_1,3,3,480,160
187DOWN,285,non_peak_2,11,11,300,28
187DOWN,285,non_peak_3,2,2,180,90
187DOWN,285,peak_1,8,8,240,30
187DOWN,285,peak_2,8,8,240,30
187UP,286,non_peak_1,6,6,480,80
187UP,286,non_peak_2,11,11,300,28
187UP,286,non_peak_3,1,1,180,180
187UP,286,peak_1,8,8,240,30
187UP,286,peak_2,6,6,240,40
188DOWN,287,non_peak_1,2,2,480,240
188DOWN,287,non_peak_2,19,19,300,16
188DOWN,287,non_peak_3,3,3,180,60
188DOWN,287,peak_1,17,17,240,15
188DOWN,287,peak_2,15,15,240,16
188UP,288,non_peak_1,7,7,480,69
188UP,288,non_peak_2,17,17,300,18
188UP,288,peak_1,18,18,240,14
188UP,288,peak_2,14,14,240,18
189DOWN,289,non_peak_1,6,6,480,80
189DOWN,289,non_peak_2,17,17,300,18
189DOWN,289,non_peak_3,5,5,180,36
189DOWN,289,peak_1,18,18,240,14
189DOWN,289,peak_2,12,12,240,20
189UP,290,non_peak_1,9,9,480,54
189UP,290,non_peak_2,18,18,300,17
189UP,290,non_peak_3,3,3,180,60
189UP,290,peak_1,17,17,240,15
189UP,290,peak_2,11,11,240,22
190BDOWN,295,non_peak_1,1,1,480,480
190BDOWN,295,non_peak_2,3,3,300,100
190BDOWN,295,non_peak_3,1,1,180,180
190BDOWN,295,peak_1,3,3,240,80
190BDOWN,295,peak_2,2,2,240,120
190BUP,296,non_peak_1,2,2,480,240
190BUP,296,non_peak_2,3,3,300,100
190BUP,296,peak_1,2,2,240,120
190BUP,296,peak_2,3,3,240,80
192DOWN,297,non_peak_1,1,1,480,480
192DOWN,297,non_peak_2,4,4,300,75
192DOWN,297,non_peak_3,1,1,180,180
192DOWN,297,peak_1,6,6,240,40
192DOWN,297,peak_2,4,4,240,60
192UP,298,non_peak_1,2,2,480,240
192UP,298,non_peak_2,5,5,300,60
192UP,298,non_peak_3,1,1,180,180
192UP,298,peak_1,5,5,240,48
192UP,298,peak_2,3,3,240,80
193ADOWN,299,non_peak_2,1,1,300,300
193ADOWN,299,peak_2,1,1,240,240
193AUP,300,non_peak_1,1,1,480,480
193AUP,300,non_peak_2,1,1,300,300
193DOWN,301,non_peak_1,1,1,480,480
193DOWN,301,non_peak_2,1,1,300,300
193DOWN,301,peak_1,2,2,240,120
193DOWN,301,peak_2,1,1,240,240
193UP,302,non_peak_2,2,2,300,150
193UP,302,peak_1,2,2,240,120
193UP,302,peak_2,1,1,240,240
195DOWN,303,non_peak_1,1,1,480,480
195DOWN,303,non_peak_2,4,4,300,75
195DOWN,303,non_peak_3,1,1,180,180
195DOWN,303,peak_1,6,6,240,40
195DOWN,303,peak_2,5,5,240,48
195UP,304,non_peak_1,2,2,480,240
195UP,304,non_peak_2,5,5,300,60
195UP,304,peak_1,5,5,240,48
195UP,304,peak_2,5,5,240,48
196DOWN,305,non_peak_2,2,2,300,150
196DOWN,305,peak_1,1,1,240,240
196DOWN,305,peak_2,1,1,240,240
196UP,306,non_peak_2,1,1,300,300
196UP,306,peak_1,2,2,240,120
196UP,306,peak_2,1,1,240,240
197DOWN,307,non_peak_1,1,1,480,480
197DOWN,307,non_peak_2,9,9,300,34
197DOWN,307,non_peak_3,1,1,180,180
197DOWN,307,peak_1,7,7,240,35
197DOWN,307,peak_2,7,7,240,35
197UP,308,non_peak_1,5,5,480,96
197UP,308,non_peak_2,8,8,300,38
197UP,308,peak_1,6,6,240,40
197UP,308,peak_2,5,5,240,48
198ADOWN,311,non_peak_1,4,4,480,120
198ADOWN,311,non_peak_2,10,10,300,30
198ADOWN,311,non_peak_3,5,5,180,36
198ADOWN,311,peak_1,8,8,240,30
198ADOWN,311,peak_2,8,8,240,30
198AUP,312,non_peak_1,4,4,480,120
198AUP,312,non_peak_2,10,10,300,30
198AUP,312,non_peak_3,5,5,180,36
198AUP,312,peak_1,8,8,240,30
198AUP,312,peak_2,8,8,240,30
198DOWN,309,non_peak_1,4,4,480,120
198DOWN,309,non_peak_2,10,10,300,30
198DOWN,309,non_peak_3,5,5,180,36
198DOWN,309,peak_1,8,8,240,30
198DOWN,309,peak_2,8,8,240,30
198UP,310,non_peak_1,4,4,480,120
198UP,310,non_peak_2,10,10,300,30
198UP,310,non_peak_3,5,5,180,36
198UP,310,peak_1,8,8,240,30
198UP,310,peak_2,8,8,240,30
199DOWN,313,non_peak_1,9,9,480,54
199DOWN,313,non_peak_2,16,16,300,19
199DOWN,313,peak_1,14,14,240,18
199DOWN,313,peak_2,10,10,240,24
199UP,314,non_peak_1,4,4,480,120
199UP,314,non_peak_2,16,16,300,19
199UP,314,non_peak_3,3,3,180,60
199UP,314,peak_1,14,14,240,18
199UP,314,peak_2,12,12,240,20
19ADOWN,291,non_peak_1,2,2,480,240
19ADOWN,291,non_peak_2,3,3,300,100
19ADOWN,291,peak_1,2,2,240,120
19ADOWN,291,peak_2,2,2,240,120
19AUP,292,non_peak_1,1,1,480,480
19AUP,292,non_peak_2,3,3,300,100
19AUP,292,non_peak_3,1,1,180,180
19AUP,292,peak_1,2,2,240,120
19AUP,292,peak_2,2,2,240,120
19DOWN,293,non_peak_1,7,7,480,69
19DOWN,293,non_peak_2,14,14,300,22
19DOWN,293,non_peak_3,4,4,180,45
19DOWN,293,peak_1,10,10,240,24
19DOWN,293,peak_2,10,10,240,24
19UP,294,non_peak_1,5,5,480,96
19UP,294,non_peak_2,13,13,300,24
19UP,294,non_peak_3,6,6,180,30
19UP,294,peak_1,10,10,240,24
19UP,294,peak_2,11,11,240,22
1DOWN,0,non_peak_1,5,5,480,96
1DOWN,0,non_peak_2,9,9,300,34
1DOWN,0,peak_1,7,7,240,35
1DOWN,0,peak_2,7,7,240,35
1UP,1,non_peak_1,4,4,480,120
1UP,1,non_peak_2,9,9,300,34
1UP,1,peak_1,7,7,240,35
1UP,1,peak_2,8,8,240,30
200DOWN,319,non_peak_1,2,2,480,240
200DOWN,319,non_peak_2,4,4,300,75
200DOWN,319,non_peak_3,1,1,180,180
200DOWN,319,peak_1,2,2,240,120
200DOWN,319,peak_2,2,2,240,120
200UP,320,non_peak_1,2,2,480,240
200UP,320,non_peak_2,3,3,300,100
200UP,320,peak_1,3,3,240,80
200UP,320,peak_2,3,3,240,80
201DOWN,321,non_peak_1,5,5,480,96
201DOWN,321,non_peak_2,11,11,300,28
201DOWN,321,non_peak_3,7,7,180,26
201DOWN,321,peak_1,9,9,240,27
201DOWN,321,peak_2,10,10,240,24
201UP,322,non_peak_1,8,8,480,60
201UP,322,non_peak_2,11,11,300,28
201UP,322,non_peak_3,3,3,180,60
201UP,322,peak_1,9,9,240,27
201UP,322,peak_2,11,11,240,22
202DOWN,323,non_peak_1,3,3,480,160
202DOWN,323,non_peak_2,10,10,300,30
202DOWN,323,non_peak_3,3,3,180,60
202DOWN,323,peak_1,8,8,240,30
202DOWN,323,peak_2,8,8,240,30
202UP,324,non_peak_1,7,7,480,69
202UP,324,non_peak_2,10,10,300,30
202UP,324,peak_1,8,8,240,30
202UP,324,peak_2,7,7,240,35
203BDOWN,327,non_peak_2,1,1,300,300
203BDOWN,327,peak_1,1,1,240,240
203BUP,328,peak_1,2,2,240,120
203DOWN,325,non_peak_2,4,4,300,75
203DOWN,325,peak_1,6,6,240,40
203DOWN,325,peak_2,5,5,240,48
203UP,326,non_peak_1,1,1,480,480
203UP,326,non_peak_2,6,6,300,50
203UP,326,peak_1,5,5,240,48
203UP,326,peak_2,3,3,240,80
204DOWN,329,non_peak_1,5,5,480,96
204DOWN,329,non_peak_2,18,18,300,17
204DOWN,329,non_peak_3,11,11,180,17
204DOWN,329,peak_1,16,16,240,15
204DOWN,329,peak_2,15,15,240,16
204UP,330,non_peak_1,11,11,480,44
204UP,330,non_peak_2,18,18,300,17
204UP,330,non_peak_3,5,5,180,36
204UP,330,peak_1,16,16,240,15
204UP,330,peak_2,16,16,240,15
207ACDOWN,334,peak_1,1,1,240,240
207ACUP,335,peak_1,1,1,240,240
207ACUP,335,peak_2,1,1,240,240
207ADOWN,336,non_peak_1,5,5,480,96
207ADOWN,336,non_peak_2,18,18,300,17
207ADOWN,336,non_peak_3,7,7,180,26
207ADOWN,336,peak_1,15,15,240,16
207ADOWN,336,peak_2,14,14,240,18
207AUP,337,non_peak_1,14,14,480,35
207AUP,337,non_peak_2,21,21,300,15
207AUP,337,non_peak_3,4,4,180,45
207AUP,337,peak_1,14,14,240,18
207AUP,337,peak_2,11,11,240,22
207DOWN,331,non_peak_1,4,4,480,120
207DOWN,331,non_peak_2,3,3,300,100
207DOWN,331,peak_1,5,5,240,48
207DOWN,331,peak_2,5,5,240,48
207DUP,332,peak_2,1,1,240,240
207KDOWN,338,non_peak_1,4,4,480,120
207KDOWN,338,non_peak_2,10,10,300,30
207KDOWN,338,non_peak_3,5,5,180,36
207KDOWN,338,peak_1,8,8,240,30
207KDOWN,338,peak_2,8,8,240,30
207KUP,339,non_peak_1,4,4,480,120
207KUP,339,non_peak_2,10,10,300,30
207KUP,339,non_peak_3,5,5,180,36
207KUP,339,peak_1,8,8,240,30
207KUP,339,peak_2,8,8,240,30
207NDOWN,340,non_peak_1,4,4,480,120
207NDOWN,340,non_peak_2,10,10,300,30
207NDOWN,340,non_peak_3,5,5,180,36
207NDOWN,340,peak_1,8,8,240,30
207NDOWN,340,peak_2,8,8,240,30
207NUP,341,non_peak_1,4,4,480,120
207NUP,341,non_peak_2,10,10,300,30
207NUP,341,non_peak_3,5,5,180,36
207NUP,341,peak_1,8,8,240,30
207NUP,341,peak_2,8,8,240,30
207UP,333,non_peak_1,1,1,480,480
207UP,333,non_peak_2,2,2,300,150
207UP,333,peak_1,6,6,240,40
207UP,333,peak_2,4,4,240,60
208DOWN,342,non_peak_1,1,1,480,480
208DOWN,342,non_peak_2,4,4,300,75
208DOWN,342,non_peak_3,1,1,180,180
208DOWN,342,peak_1,4,4,240,60
208DOWN,342,peak_2,4,4,240,60
208UP,343,non_peak_1,3,3,480,160
208UP,343,non_peak_2,4,4,300,75
208UP,343,peak_1,4,4,240,60
208UP,343,peak_2,3,3,240,80
209ADOWN,348,non_peak_1,1,1,480,480
209ADOWN,348,peak_1,2,2,240,120
209ADOWN,348,peak_2,1,1,240,240
209AUP,349,non_peak_1,2,2,480,240
209AUP,349,peak_1,1,1,240,240
209AUP,349,peak_2,1,1,240,240
209BDOWN,344,non_peak_1,1,1,480,480
209BDOWN,344,non_peak_2,2,2,300,150
209BDOWN,344,peak_1,1,1,240,240
209BDOWN,344,peak_2,1,1,240,240
209BUP,345,non_peak_1,1,1,480,480
209BUP,345,non_peak_2,2,2,300,150
209BUP,345,peak_1,1,1,240,240
209BUP,345,peak_2,1,1,240,240
209DOWN,346,non_peak_1,6,6,480,80
209DOWN,346,non_peak_2,16,16,300,19
209DOWN,346,non_peak_3,7,7,180,26
209DOWN,346,peak_1,13,13,240,19
209DOWN,346,peak_2,12,12,240,20
209UP,347,non_peak_1,10,10,480,48
209UP,347,non_peak_2,16,16,300,19
209UP,347,non_peak_3,3,3,180,60
209UP,347,peak_1,12,12,240,20
209UP,347,peak_2,13,13,240,19
20ADOWN,350,non_peak_2,1,1,300,300
20ADOWN,350,peak_2,1,1,240,240
20AUP,351,non_peak_1,1,1,480,480
20DOWN,317,peak_1,2,2,240,120
20UP,318,non_peak_2,1,1,300,300
20UP,318,peak_1,1,1,240,240
20UP,318,peak_2,1,1,240,240
210DOWN,354,non_peak_2,6,6,300,50
210DOWN,354,peak_1,5,5,240,48
210DOWN,354,peak_2,4,4,240,60
210UP,355,non_peak_1,1,1,480,480
210UP,355,non_peak_2,6,6,300,50
210UP,355,peak_1,5,5,240,48
210UP,355,peak_2,3,3,240,80
211DOWN,356,non_peak_2,1,1,300,300
211DOWN,356,peak_1,1,1,240,240
211UP,357,non_peak_1,1,1,480,480
211UP,357,non_peak_2,1,1,300,300
211UP,357,peak_1,1,1,240,240
211UP,357,peak_2,1,1,240,240
212DOWN,358,non_peak_1,1,1,480,480
212DOWN,358,peak_1,1,1,240,240
212DOWN,358,peak_2,1,1,240,240
212UP,359,non_peak_2,1,1,300,300
212UP,359,peak_1,1,1,240,240
212UP,359,peak_2,1,1,240,240
213ADOWN,1064,non_peak_1,4,4,480,120
213ADOWN,1064,non_peak_2,10,10,300,30
213ADOWN,1064,non_peak_3,5,5,180,36
213ADOWN,1064,peak_1,8,8,240,30
213ADOWN,1064,peak_2,8,8,240,30
213AUP,1065,non_peak_1,4,4,480,120
213AUP,1065,non_peak_2,10,10,300,30
213AUP,1065,non_peak_3,5,5,180,36
213AUP,1065,peak_1,8,8,240,30
213AUP,1065,peak_2,8,8,240,30
213DOWN,1066,non_peak_1,4,4,480,120
213DOWN,1066,non_peak_2,10,10,300,30
213DOWN,1066,non_peak_3,5,5,180,36
213DOWN,1066,peak_1,8,8,240,30
213DOWN,1066,peak_2,8,8,240,30
213UP,1067,non_peak_1,4,4,480,120
213UP,1067,non_peak_2,10,10,300,30
213UP,1067,non_peak_3,5,5,180,36
213UP,1067,peak_1,8,8,240,30
213UP,1067,peak_2,8,8,240,30
214DOWN,360,non_peak_1,1,1,480,480
214DOWN,360,non_peak_2,6,6,300,50
214DOWN,360,peak_1,8,8,240,30
214DOWN,360,peak_2,7,7,240,35
214UP,361,non_peak_1,2,2,480,240
214UP,361,non_peak_2,5,5,300,60
214UP,361,peak_1,9,9,240,27
214UP,361,peak_2,6,6,240,40
215DOWN,362,non_peak_1,2,2,480,240
215DOWN,362,non_peak_2,5,5,300,60
215DOWN,362,non_peak_3,2,2,180,90
215DOWN,362,peak_1,5,5,240,48
215DOWN,362,peak_2,6,6,240,40
215UP,363,non_peak_1,3,3,480,160
215UP,363,non_peak_2,5,5,300,60
215UP,363,non_peak_3,2,2,180,90
215UP,363,peak_1,5,5,240,48
215UP,363,peak_2,5,5,240,48
216ADOWN,364,peak_2,1,1,240,240
216AUP,365,peak_1,1,1,240,240
216BDOWN,366,peak_1,1,1,240,240
216BUP,367,non_peak_2,1,1,300,300
216DOWN,368,non_peak_1,4,4,480,120
216DOWN,368,non_peak_2,12,12,300,25
216DOWN,368,non_peak_3,4,4,180,45
216DOWN,368,peak_1,11,11,240,22
216DOWN,368,peak_2,10,10,240,24
216UP,369,non_peak_1,7,7,480,69
216UP,369,non_peak_2,14,14,300,22
216UP,369,non_peak_3,3,3,180,60
216UP,369,peak_1,9,9,240,27
216UP,369,peak_2,8,8,240,30
21ADOWN,370,non_peak_1,1,1,480,480
21ADOWN,370,non_peak_2,2,2,300,150
21ADOWN,370,non_peak_3,1,1,180,180
21ADOWN,370,peak_1,1,1,240,240
21ADOWN,370,peak_2,1,1,240,240
21AUP,371,non_peak_1,1,1,480,480
21AUP,371,non_peak_2,1,1,300,300
21AUP,371,peak_1,2,2,240,120
21AUP,371,peak_2,2,2,240,120
21DOWN,352,non_peak_1,4,4,480,120
21DOWN,352,non_peak_2,10,10,300,30
21DOWN,352,non_peak_3,4,4,180,45
21DOWN,352,peak_1,10,10,240,24
21DOWN,352,peak_2,10,10,240,24
21UP,353,non_peak_1,8,8,480,60
21UP,353,non_peak_2,10,10,300,30
21UP,353,non_peak_3,2,2,180,90
21UP,353,peak_1,10,10,240,24
21UP,353,peak_2,8,8,240,30
221DOWN,1068,non_peak_1,4,4,480,120
221DOWN,1068,non_peak_2,10,10,300,30
221DOWN,1068,non_peak_3,5,5,180,36
221DOWN,1068,peak_1,8,8,240,30
221DOWN,1068,peak_2,8,8,240,30
221UP,1069,non_peak_1,4,4,480,120
221UP,1069,non_peak_2,10,10,300,30
221UP,1069,non_peak_3,5,5,180,36
221UP,1069,peak_1,8,8,240,30
221UP,1069,peak_2,8,8,240,30
225DOWN,372,peak_1,2,2,240,120
225DOWN,372,peak_2,2,2,240,120
225UP,373,non_peak_1,2,2,480,240
225UP,373,non_peak_2,1,1,300,300
225UP,373,peak_1,1,1,240,240
225UP,373,peak_2,1,1,240,240
226ADOWN,376,peak_2,1,1,240,240
226AUP,377,non_peak_1,4,4,480,120
226AUP,377,non_peak_2,10,10,300,30
226AUP,377,non_peak_3,5,5,180,36
226AUP,377,peak_1,8,8,240,30
226AUP,377,peak_2,8,8,240,30
226DOWN,374,non_peak_2,1,1,300,300
226DOWN,374,peak_1,1,1,240,240
226UP,375,non_peak_1,1,1,480,480
226UP,375,non_peak_2,1,1,300,300
226UP,375,peak_1,1,1,240,240
227ABDOWN,380,non_peak_1,1,1,480,480
227ABDOWN,380,peak_2,2,2,240,120
227ABUP,381,non_peak_2,1,1,300,300
227ABUP,381,peak_2,2,2,240,120
227ADOWN,382,non_peak_1,1,1,480,480
227ADOWN,382,non_peak_2,2,2,300,150
227ADOWN,382,peak_1,3,3,240,80
227AUP,383,non_peak_1,1,1,480,480
227AUP,383,non_peak_2,1,1,300,300
227AUP,383,peak_1,3,3,240,80
227AUP,383,peak_2,1,1,240,240
227DOWN,378,non_peak_1,1,1,480,480
227DOWN,378,non_peak_2,1,1,300,300
227DOWN,378,peak_1,1,1,240,240
227DOWN,378,peak_2,1,1,240,240
227UP,379,non_peak_1,1,1,480,480
227UP,379,non_peak_2,1,1,300,300
227UP,379,peak_1,1,1,240,240
227UP,379,peak_2,1,1,240,240
228ADOWN,384,non_peak_3,1,1,180,180
228ADOWN,384,peak_2,2,2,240,120
228AUP,385,non_peak_1,3,3,480,160
228BDOWN,386,non_peak_1,3,3,480,160
228BUP,387,non_peak_3,1,1,180,180
228BUP,387,peak_2,2,2,240,120
228DOWN,388,non_peak_1,3,3,480,160
228DOWN,388,non_peak_2,8,8,300,38
228DOWN,388,peak_1,5,5,240,48
228DOWN,388,peak_2,3,3,240,80
228JDOWN,390,non_peak_1,4,4,480,120
228JDOWN,390,non_peak_2,10,10,300,30
228JDOWN,390,non_peak_3,5,5,180,36
228JDOWN,390,peak_1,8,8,240,30
228JDOWN,390,peak_2,8,8,240,30
228JUP,391,non_peak_1,4,4,480,120
228JUP,391,non_peak_2,10,10,300,30
228JUP,391,non_peak_3,5,5,180,36
228JUP,391,peak_1,8,8,240,30
228JUP,391,peak_2,8,8,240,30
228SDOWN,392,non_peak_1,4,4,480,120
228SDOWN,392,non_peak_2,10,10,300,30
228SDOWN,392,non_peak_3,5,5,180,36
228SDOWN,392,peak_1,8,8,240,30
228SDOWN,392,peak_2,8,8,240,30
228SUP,393,non_peak_1,4,4,480,120
228SUP,393,non_peak_2,10,10,300,30
228SUP,393,non_peak_3,5,5,180,36
228SUP,393,peak_1,8,8,240,30
228SUP,393,peak_2,8,8,240,30
228UP,389,non_peak_1,3,3,480,160
228UP,389,non_peak_2,7,7,300,43
228UP,389,peak_1,5,5,240,48
228UP,389,peak_2,4,4,240,60
231BDOWN,394,non_peak_1,1,1,480,480
231BDOWN,394,peak_1,1,1,240,240
231BUP,395,peak_1,2,2,240,120
231DOWN,396,non_peak_2,1,1,300,300
231DOWN,396,peak_2,1,1,240,240
231UP,397,non_peak_1,1,1,480,480
231UP,397,non_peak_2,1,1,300,300
232DOWN,398,non_peak_1,1,1,480,480
232DOWN,398,non_peak_2,2,2,300,150
232UP,399,non_peak_2,1,1,300,300
232UP,399,peak_1,1,1,240,240
232UP,399,peak_2,1,1,240,240
233ADOWN,402,non_peak_1,1,1,480,480
233ADOWN,402,non_peak_2,3,3,300,100
233ADOWN,402,non_peak_3,1,1,180,180
233ADOWN,402,peak_1,3,3,240,80
233ADOWN,402,peak_2,2,2,240,120
233AUP,403,non_peak_1,2,2,480,240
233AUP,403,non_peak_2,3,3,300,100
233AUP,403,peak_1,3,3,240,80
233AUP,403,peak_2,2,2,240,120
233BDOWN,404,non_peak_1,1,1,480,480
233BDOWN,404,non_peak_2,1,1,300,300
233BDOWN,404,peak_1,1,1,240,240
233BUP,405,non_peak_2,1,1,300,300
233BUP,405,peak_1,1,1,240,240
233BUP,405,peak_2,1,1,240,240
233DOWN,400,non_peak_1,3,3,480,160
233DOWN,400,non_peak_2,7,7,300,43
233DOWN,400,non_peak_3,2,2,180,90
233DOWN,400,peak_1,7,7,240,35
233DOWN,400,peak_2,7,7,240,35
233UP,401,non_peak_1,4,4,480,120
233UP,401,non_peak_2,9,9,300,34
233UP,401,non_peak_3,2,2,180,90
233UP,401,peak_1,6,6,240,40
233UP,401,peak_2,5,5,240,48
234DOWN,406,non_peak_1,6,6,480,80
234DOWN,406,non_peak_2,15,15,300,20
234DOWN,406,non_peak_3,9,9,180,20
234DOWN,406,peak_1,12,12,240,20
234DOWN,406,peak_2,10,10,240,24
234UP,407,non_peak_1,9,9,480,54
234UP,407,non_peak_2,15,15,300,20
234UP,407,non_peak_3,4,4,180,45
234UP,407,peak_1,13,13,240,19
234UP,407,peak_2,11,11,240,22
235DOWN,408,non_peak_1,6,6,480,80
235DOWN,408,non_peak_2,14,14,300,22
235DOWN,408,non_peak_3,7,7,180,26
235DOWN,408,peak_1,13,13,240,19
235DOWN,408,peak_2,10,10,240,24
235UP,409,non_peak_1,10,10,480,48
235UP,409,non_peak_2,14,14,300,22
235UP,409,non_peak_3,4,4,180,45
235UP,409,peak_1,12,12,240,20
235UP,409,peak_2,10,10,240,24
236DOWN,410,non_peak_1,6,6,480,80
236DOWN,410,non_peak_2,7,7,300,43
236DOWN,410,non_peak_3,1,1,180,180
236DOWN,410,peak_1,7,7,240,35
236DOWN,410,peak_2,7,7,240,35
236UP,411,non_peak_1,3,3,480,160
236UP,411,non_peak_2,8,8,300,38
236UP,411,non_peak_3,5,5,180,36
236UP,411,peak_1,6,6,240,40
236UP,411,peak_2,6,6,240,40
24ADOWN,414,non_peak_1,3,3,480,160
24ADOWN,414,non_peak_2,15,15,300,20
24ADOWN,414,non_peak_3,7,7,180,26
24ADOWN,414,peak_1,20,20,240,12
24ADOWN,414,peak_2,18,18,240,14
24AUP,415,non_peak_1,11,11,480,44
24AUP,415,non_peak_2,17,17,300,18
24AUP,415,peak_1,16,16,240,15
24AUP,415,peak_2,19,19,240,13
24BDOWN,416,non_peak_1,9,9,480,54
24BDOWN,416,non_peak_2,7,7,300,43
24BDOWN,416,peak_2,2,2,240,120
24BUP,417,non_peak_2,3,3,300,100
24BUP,417,non_peak_3,5,5,180,36
24BUP,417,peak_1,6,6,240,40
24BUP,417,peak_2,4,4,240,60
24DOWN,412,non_peak_1,5,5,480,96
24DOWN,412,non_peak_2,13,13,300,24
24DOWN,412,non_peak_3,5,5,180,36
24DOWN,412,peak_1,11,11,240,22
24DOWN,412,peak_2,10,10,240,24
24UP,413,non_peak_1,7,7,480,69
24UP,413,non_peak_2,13,13,300,24
24UP,413,non_peak_3,4,4,180,45
24UP,413,peak_1,11,11,240,22
24UP,413,peak_2,9,9,240,27
256ADOWN,420,non_peak_1,1,1,480,480
256ADOWN,420,peak_2,1,1,240,240
256AUP,421,non_peak_1,1,1,480,480
256AUP,421,peak_2,1,1,240,240
256DOWN,418,non_peak_1,9,9,480,54
256DOWN,418,non_peak_2,18,18,300,17
256DOWN,418,peak_1,13,13,240,19
256DOWN,418,peak_2,14,14,240,18
256UP,419,non_peak_1,8,8,480,60
256UP,419,non_peak_2,18,18,300,17
256UP,419,non_peak_3,5,5,180,36
256UP,419,peak_1,15,15,240,16
256UP,419,peak_2,14,14,240,18
257ADOWN,424,non_peak_1,2,2,480,240
257ADOWN,424,non_peak_2,4,4,300,75
257ADOWN,424,non_peak_3,1,1,180,180
257ADOWN,424,peak_1,3,3,240,80
257ADOWN,424,peak_2,2,2,240,120
257AUP,425,non_peak_1,2,2,480,240
257AUP,425,non_peak_2,3,3,300,100
257AUP,425,peak_1,4,4,240,60
257AUP,425,peak_2,3,3,240,80
257DOWN,422,non_peak_1,3,3,480,160
257DOWN,422,non_peak_2,6,6,300,50
257DOWN,422,peak_1,5,5,240,48
257DOWN,422,peak_2,4,4,240,60
257UP,423,non_peak_1,2,2,480,240
257UP,423,non_peak_2,6,6,300,50
257UP,423,peak_1,5,5,240,48
257UP,423,peak_2,5,5,240,48
258DOWN,426,non_peak_1,1,1,480,480
258DOWN,426,non_peak_2,3,3,300,100
258DOWN,426,peak_1,3,3,240,80
258DOWN,426,peak_2,2,2,240,120
258UP,427,non_peak_2,2,2,300,150
258UP,427,peak_1,4,4,240,60
258UP,427,peak_2,3,3,240,80
259DOWN,428,peak_1,2,2,240,120
259DOWN,428,peak_2,2,2,240,120
259UP,429,peak_1,2,2,240,120
259UP,429,peak_2,2,2,240,120
262ADOWN,434,non_peak_1,4,4,480,120
262ADOWN,434,non_peak_2,10,10,300,30
262ADOWN,434,non_peak_3,5,5,180,36
262ADOWN,434,peak_1,8,8,240,30
262ADOWN,434,peak_2,8,8,240,30
262AUP,435,non_peak_1,2,2,480,240
262DOWN,432,non_peak_1,1,1,480,480
262DOWN,432,non_peak_2,1,1,300,300
262DOWN,432,non_peak_3,1,1,180,180
262DOWN,432,peak_1,3,3,240,80
262DOWN,432,peak_2,2,2,240,120
262UP,433,non_peak_2,2,2,300,150
262UP,433,peak_1,2,2,240,120
262UP,433,peak_2,2,2,240,120
264DOWN,436,non_peak_1,1,1,480,480
264UP,437,peak_2,1,1,240,240
26DOWN,430,non_peak_1,3,3,480,160
26DOWN,430,non_peak_2,4,4,300,75
26DOWN,430,peak_1,3,3,240,80
26DOWN,430,peak_2,3,3,240,80
26UP,431,non_peak_1,2,2,480,240
26UP,431,non_peak_2,4,4,300,75
26UP,431,non_peak_3,1,1,180,180
26UP,431,peak_1,3,3,240,80
26UP,431,peak_2,3,3,240,80
276ADOWN,438,non_peak_1,4,4,480,120
276ADOWN,438,non_peak_2,10,10,300,30
276ADOWN,438,peak_1,11,11,240,22
276ADOWN,438,peak_2,6,6,240,40
276AUP,439,non_peak_2,3,3,300,100
276AUP,439,non_peak_3,1,1,180,180
276AUP,439,peak_1,13,13,240,19
276AUP,439,peak_2,15,15,240,16
276BUP,442,non_peak_1,1,1,480,480
276CDOWN,443,non_peak_1,4,4,480,120
276CDOWN,443,non_peak_2,10,10,300,30
276CDOWN,443,non_peak_3,5,5,180,36
276CDOWN,443,peak_1,8,8,240,30
276CDOWN,443,peak_2,8,8,240,30
276DOWN,440,non_peak_1,1,1,480,480
276DOWN,440,non_peak_2,10,10,300,30
276DOWN,440,non_peak_3,6,6,180,30
276DOWN,440,peak_1,5,5,240,48
276DOWN,440,peak_2,10,10,240,24
276UP,441,non_peak_1,10,10,480,48
276UP,441,non_peak_2,15,15,300,20
276UP,441,non_peak_3,1,1,180,180
276UP,441,peak_1,5,5,240,48
277DOWN,444,non_peak_1,2,2,480,240
277DOWN,444,non_peak_2,5,5,300,60
277DOWN,444,peak_1,4,4,240,60
277DOWN,444,peak_2,4,4,240,60
277UP,445,non_peak_1,1,1,480,480
277UP,445,non_peak_2,5,5,300,60
277UP,445,non_peak_3,1,1,180,180
277UP,445,peak_1,4,4,240,60
277UP,445,peak_2,4,4,240,60
279DOWN,446,non_peak_1,1,1,480,480
279DOWN,446,non_peak_2,1,1,300,300
279DOWN,446,peak_1,1,1,240,240
279UP,447,non_peak_2,1,1,300,300
279UP,447,peak_1,1,1,240,240
279UP,447,peak_2,1,1,240,240
281DOWN,450,non_peak_1,5,5,480,96
281DOWN,450,non_peak_2,11,11,300,28
281DOWN,450,non_peak_3,2,2,180,90
281DOWN,450,peak_1,7,7,240,35
281DOWN,450,peak_2,7,7,240,35
281UP,451,non_peak_1,4,4,480,120
281UP,451,non_peak_2,10,10,300,30
281UP,451,non_peak_3,2,2,180,90
281UP,451,peak_1,8,8,240,30
281UP,451,peak_2,8,8,240,30
282DOWN,452,non_peak_1,1,1,480,480
282DOWN,452,non_peak_2,10,10,300,30
282DOWN,452,non_peak_3,5,5,180,36
282DOWN,452,peak_1,8,8,240,30
282DOWN,452,peak_2,8,8,240,30
282UP,453,non_peak_1,5,5,480,96
282UP,453,non_peak_2,10,10,300,30
282UP,453,non_peak_3,1,1,180,180
282UP,453,peak_1,8,8,240,30
282UP,453,peak_2,8,8,240,30
283DOWN,454,non_peak_2,1,1,300,300
283DOWN,454,peak_1,2,2,240,120
283DOWN,454,peak_2,1,1,240,240
283UP,455,non_peak_1,1,1,480,480
283UP,455,non_peak_2,1,1,300,300
283UP,455,peak_1,1,1,240,240
283UP,455,peak_2,1,1,240,240
28DOWN,448,non_peak_2,1,1,300,300
28DOWN,448,peak_1,2,2,240,120
28DOWN,448,peak_2,2,2,240,120
28UP,449,non_peak_1,1,1,480,480
28UP,449,non_peak_2,2,2,300,150
28UP,449,peak_1,1,1,240,240
28UP,449,peak_2,1,1,240,240
290ADOWN,458,non_peak_1,6,6,480,80
290ADOWN,458,non_peak_2,6,6,300,50
290AUP,459,non_peak_2,6,6,300,50
290AUP,459,non_peak_3,6,6,180,30
290DOWN,460,non_peak_1,5,5,480,96
290DOWN,460,non_peak_2,15,15,300,20
290DOWN,460,non_peak_3,5,5,180,36
290DOWN,460,peak_1,12,12,240,20
290DOWN,460,peak_2,11,11,240,22
290UP,461,non_peak_1,8,8,480,60
290UP,461,non_peak_2,15,15,300,20
290UP,461,non_peak_3,2,2,180,90
290UP,461,peak_1,12,12,240,20
290UP,461,peak_2,11,11,240,22
291DOWN,462,non_peak_1,14,14,480,35
291DOWN,462,non_peak_2,31,31,300,10
291DOWN,462,non_peak_3,5,5,180,36
291DOWN,462,peak_1,22,22,240,11
291DOWN,462,peak_2,22,22,240,11
291UP,463,non_peak_1,8,8,480,60
291UP,463,non_peak_2,31,31,300,10
291UP,463,non_peak_3,10,10,180,18
291UP,463,peak_1,23,23,240,11
291UP,463,peak_2,22,22,240,11
292ADOWN,464,non_peak_1,1,1,480,480
292ADOWN,464,non_peak_2,4,4,300,75
292ADOWN,464,peak_1,4,4,240,60
292ADOWN,464,peak_2,4,4,240,60
292AUP,465,non_peak_1,2,2,480,240
292AUP,465,non_peak_2,4,4,300,75
292AUP,465,non_peak_3,1,1,180,180
292AUP,465,peak_1,3,3,240,80
292AUP,465,peak_2,3,3,240,80
292BDOWN,466,non_peak_1,1,1,480,480
292BDOWN,466,peak_2,1,1,240,240
292BUP,467,non_peak_1,1,1,480,480
292BUP,467,peak_2,1,1,240,240
292CDOWN,468,non_peak_1,1,1,480,480
292CDOWN,468,non_peak_2,2,2,300,150
292CDOWN,468,peak_1,1,1,240,240
292CDOWN,468,peak_2,1,1,240,240
292CUP,469,non_peak_1,1,1,480,480
292CUP,469,non_peak_2,1,1,300,300
292CUP,469,peak_1,2,2,240,120
292CUP,469,peak_2,1,1,240,240
292DDOWN,471,non_peak_1,1,1,480,480
292DDOWN,471,peak_2,1,1,240,240
292DOWN,470,non_peak_2,2,2,300,150
292DOWN,470,non_peak_3,2,2,180,90
292DOWN,470,peak_1,3,3,240,80
292DUP,472,non_peak_1,1,1,480,480
292DUP,472,non_peak_2,1,1,300,300
292UP,473,non_peak_1,1,1,480,480
292UP,473,non_peak_2,2,2,300,150
292UP,473,peak_1,2,2,240,120
292UP,473,peak_2,2,2,240,120
293DOWN,474,non_peak_1,1,1,480,480
293DOWN,474,non_peak_2,2,2,300,150
293DOWN,474,peak_1,2,2,240,120
293DOWN,474,peak_2,2,2,240,120
293UP,475,non_peak_1,1,1,480,480
293UP,475,non_peak_2,2,2,300,150
293UP,475,peak_1,2,2,240,120
293UP,475,peak_2,2,2,240,120
294RING,476,non_peak_1,3,3,480,160
294RING,476,non_peak_2,6,6,300,50
294RING,476,peak_1,5,5,240,48
294RING,476,peak_2,4,4,240,60
295RING,477,non_peak_1,3,3,480,160
295RING,477,non_peak_2,6,6,300,50
295RING,477,non_peak_3,1,1,180,180
295RING,477,peak_1,4,4,240,60
295RING,477,peak_2,4,4,240,60
296ADOWN,480,non_peak_1,1,1,480,480
296ADOWN,480,non_peak_2,1,1,300,300
296ADOWN,480,peak_1,1,1,240,240
296AUP,481,non_peak_2,1,1,300,300
296AUP,481,peak_1,1,1,240,240
296AUP,481,peak_2,1,1,240,240
296DOWN,478,non_peak_1,2,2,480,240
296DOWN,478,non_peak_2,3,3,300,100
296DOWN,478,peak_1,2,2,240,120
296DOWN,478,peak_2,3,3,240,80
296UP,479,non_peak_1,1,1,480,480
296UP,479,non_peak_2,3,3,300,100
296UP,479,non_peak_3,1,1,180,180
296UP,479,peak_1,3,3,240,80
296UP,479,peak_2,2,2,240,120
297DOWN,482,non_peak_1,1,1,480,480
297DOWN,482,non_peak_2,2,2,300,150
297DOWN,482,peak_1,2,2,240,120
297DOWN,482,peak_2,2,2,240,120
297UP,483,non_peak_1,1,1,480,480
297UP,483,non_peak_2,2,2,300,150
297UP,483,non_peak_3,1,1,180,180
297UP,483,peak_1,1,1,240,240
297UP,483,peak_2,2,2,240,120
298ADOWN,486,non_peak_1,9,9,480,54
298ADOWN,486,non_peak_2,9,9,300,34
298AUP,487,non_peak_2,7,7,300,43
298AUP,487,non_peak_3,5,5,180,36
298AUP,487,peak_1,2,2,240,120
298AUP,487,peak_2,4,4,240,60
298DOWN,484,non_peak_1,2,2,480,240
298DOWN,484,non_peak_2,11,11,300,28
298DOWN,484,non_peak_3,6,6,180,30
298DOWN,484,peak_1,17,17,240,15
298DOWN,484,peak_2,18,18,240,14
298UP,485,non_peak_1,11,11,480,44
298UP,485,non_peak_2,13,13,300,24
298UP,485,peak_1,16,16,240,15
298UP,485,peak_2,14,14,240,18
299DOWN,488,non_peak_1,9,9,480,54
299DOWN,488,non_peak_2,19,19,300,16
299DOWN,488,non_peak_3,4,4,180,45
299DOWN,488,peak_1,17,17,240,15
299DOWN,488,peak_2,15,15,240,16
299UP,489,non_peak_1,10,10,480,48
299UP,489,non_peak_2,20,20,300,15
299UP,489,non_peak_3,3,3,180,60
299UP,489,peak_1,16,16,240,15
299UP,489,peak_2,15,15,240,16
29ADOWN,490,non_peak_2,2,2,300,150
29ADOWN,490,non_peak_3,1,1,180,180
29ADOWN,490,peak_1,1,1,240,240
29AUP,491,non_peak_1,1,1,480,480
29AUP,491,non_peak_2,1,1,300,300
29AUP,491,peak_1,1,1,240,240
29AUP,491,peak_2,1,1,240,240
29DOWN,456,non_peak_1,7,7,480,69
29DOWN,456,non_peak_2,19,19,300,16
29DOWN,456,non_peak_3,10,10,180,18
29DOWN,456,peak_1,15,15,240,16
29DOWN,456,peak_2,15,15,240,16
29UP,457,non_peak_1,11,11,480,44
29UP,457,non_peak_2,19,19,300,16
29UP,457,non_peak_3,6,6,180,30
29UP,457,peak_1,15,15,240,16
29UP,457,peak_2,14,14,240,18
2ADOWN,492,non_peak_1,3,3,480,160
2ADOWN,492,non_peak_2,10,10,300,30
2ADOWN,492,non_peak_3,3,3,180,60
2ADOWN,492,peak_1,8,8,240,30
2ADOWN,492,peak_2,8,8,240,30
2AUP,493,non_peak_1,5,5,480,96
2AUP,493,non_peak_2,11,11,300,28
2AUP,493,non_peak_3,1,1,180,180
2AUP,493,peak_1,7,7,240,35
2AUP,493,peak_2,8,8,240,30
2BDOWN,1070,non_peak_1,4,4,480,120
2BDOWN,1070,non_peak_2,10,10,300,30
2BDOWN,1070,non_peak_3,5,5,180,36
2BDOWN,1070,peak_1,8,8,240,30
2BDOWN,1070,peak_2,8,8,240,30
2BRING,494,non_peak_1,13,13,480,37
2BRING,494,non_peak_2,24,24,300,13
2BRING,494,non_peak_3,10,10,180,18
2BRING,494,peak_1,19,19,240,13
2BRING,494,peak_2,18,18,240,14
2BUP,1071,non_peak_1,4,4,480,120
2BUP,1071,non_peak_2,10,10,300,30
2BUP,1071,non_peak_3,5,5,180,36
2BUP,1071,peak_1,8,8,240,30
2BUP,1071,peak_2,8,8,240,30
2DOWN,315,non_peak_1,8,8,480,60
2DOWN,315,non_peak_2,27,27,300,12
2DOWN,315,non_peak_3,14,14,180,13
2DOWN,315,peak_1,30,30,240,8
2DOWN,315,peak_2,26,26,240,10
2UP,316,non_peak_1,12,12,480,40
2UP,316,non_peak_2,27,27,300,12
2UP,316,non_peak_3,10,10,180,18
2UP,316,peak_1,30,30,240,8
2UP,316,peak_2,26,26,240,10
301ADOWN,502,non_peak_1,5,5,480,96
301ADOWN,502,non_peak_2,8,8,300,38
301ADOWN,502,non_peak_3,5,5,180,36
301ADOWN,502,peak_1,6,6,240,40
301ADOWN,502,peak_2,6,6,240,40
301AUP,503,non_peak_1,5,5,480,96
301AUP,503,non_peak_2,7,7,300,43
301AUP,503,non_peak_3,4,4,180,45
301AUP,503,peak_1,7,7,240,35
301AUP,503,peak_2,7,7,240,35
301CDOWN,498,non_peak_2,2,2,300,150
301CUP,499,non_peak_2,3,3,300,100
301CUP,499,non_peak_3,2,2,180,90
301CUP,499,peak_2,1,1,240,240
301DOWN,500,non_peak_1,17,17,480,29
301DOWN,500,non_peak_2,26,26,300,12
301DOWN,500,non_peak_3,9,9,180,20
301DOWN,500,peak_1,19,19,240,13
301DOWN,500,peak_2,19,19,240,13
301MDOWN,1014,non_peak_2,1,1,300,300
301MDOWN,1014,peak_1,3,3,240,80
301MDOWN,1014,peak_2,2,2,240,120
301MUP,1015,non_peak_2,2,2,300,150
301MUP,1015,peak_1,3,3,240,80
301MUP,1015,peak_2,1,1,240,240
301UP,501,non_peak_1,12,12,480,40
301UP,501,non_peak_2,26,26,300,12
301UP,501,non_peak_3,14,14,180,13
301UP,501,peak_1,19,19,240,13
301UP,501,peak_2,19,19,240,13
302ADOWN,506,peak_1,2,2,240,120
302ADOWN,506,peak_2,2,2,240,120
302AUP,507,non_peak_1,1,1,480,480
302AUP,507,non_peak_2,1,1,300,300
302AUP,507,peak_1,1,1,240,240
302AUP,507,peak_2,1,1,240,240
302BDOWN,508,non_peak_2,1,1,300,300
302BDOWN,508,peak_1,2,2,240,120
302BDOWN,508,peak_2,1,1,240,240
302BUP,509,non_peak_1,1,1,480,480
302BUP,509,non_peak_2,1,1,300,300
302BUP,509,peak_1,1,1,240,240
302BUP,509,peak_2,1,1,240,240
302DOWN,504,non_peak_1,5,5,480,96
302DOWN,504,non_peak_2,17,17,300,18
302DOWN,504,non_peak_3,2,2,180,90
302DOWN,504,peak_1,17,17,240,15
302DOWN,504,peak_2,13,13,240,19
302UP,505,non_peak_1,8,8,480,60
302UP,505,non_peak_2,16,16,300,19
302UP,505,non_peak_3,2,2,180,90
302UP,505,peak_1,17,17,240,15
302UP,505,peak_2,15,15,240,16
303ADOWN,512,non_peak_2,1,1,300,300
303ADOWN,512,peak_1,2,2,240,120
303ADOWN,512,peak_2,2,2,240,120
303AUP,513,non_peak_2,1,1,300,300
303AUP,513,peak_1,3,3,240,80
303AUP,513,peak_2,1,1,240,240
303DOWN,510,non_peak_1,5,5,480,96
303DOWN,510,non_peak_2,11,11,300,28
303DOWN,510,non_peak_3,3,3,180,60
303DOWN,510,peak_1,11,11,240,22
303DOWN,510,peak_2,11,11,240,22
303JDOWN,514,non_peak_1,4,4,480,120
303JDOWN,514,non_peak_2,10,10,300,30
303JDOWN,514,non_peak_3,5,5,180,36
303JDOWN,514,peak_1,8,8,240,30
303JDOWN,514,peak_2,8,8,240,30
303JUP,515,non_peak_1,4,4,480,120
303JUP,515,non_peak_2,10,10,300,30
303JUP,515,non_peak_3,5,5,180,36
303JUP,515,peak_1,8,8,240,30
303JUP,515,peak_2,8,8,240,30
303SDOWN,516,non_peak_1,4,4,480,120
303SDOWN,516,non_peak_2,10,10,300,30
303SDOWN,516,non_peak_3,5,5,180,36
303SDOWN,516,peak_1,8,8,240,30
303SDOWN,516,peak_2,8,8,240,30
303SUP,517,non_peak_1,4,4,480,120
303SUP,517,non_peak_2,10,10,300,30
303SUP,517,non_peak_3,5,5,180,36
303SUP,517,peak_1,8,8,240,30
303SUP,517,peak_2,8,8,240,30
303UP,511,non_peak_1,6,6,480,80
303UP,511,non_peak_2,12,12,300,25
303UP,511,non_peak_3,1,1,180,180
303UP,511,peak_1,11,11,240,22
303UP,511,peak_2,11,11,240,22
304DOWN,518,non_peak_1,12,12,480,40
304DOWN,518,non_peak_2,30,30,300,10
304DOWN,518,non_peak_3,8,8,180,23
304DOWN,518,peak_1,23,23,240,11
304DOWN,518,peak_2,20,20,240,12
304UP,519,non_peak_1,10,10,480,48
304UP,519,non_peak_2,29,29,300,11
304UP,519,non_peak_3,9,9,180,20
304UP,519,peak_1,22,22,240,11
304UP,519,peak_2,22,22,240,11
305ADOWN,520,non_peak_1,2,2,480,240
305ADOWN,520,non_peak_2,1,1,300,300
305ADOWN,520,peak_1,2,2,240,120
305ADOWN,520,peak_2,3,3,240,80
305AUP,521,non_peak_1,2,2,480,240
305AUP,521,non_peak_2,2,2,300,150
305AUP,521,peak_1,2,2,240,120
305AUP,521,peak_2,2,2,240,120
305BDOWN,522,non_peak_2,1,1,300,300
305BDOWN,522,peak_1,2,2,240,120
305BDOWN,522,peak_2,1,1,240,240
305BUP,523,non_peak_1,1,1,480,480
305BUP,523,non_peak_2,2,2,300,150
305BUP,523,peak_1,1,1,240,240
305DOWN,524,non_peak_1,5,5,480,96
305DOWN,524,non_peak_2,13,13,300,24
305DOWN,524,non_peak_3,5,5,180,36
305DOWN,524,peak_1,10,10,240,24
305DOWN,524,peak_2,9,9,240,27
305UP,525,non_peak_1,8,8,480,60
305UP,525,non_peak_2,13,13,300,24
305UP,525,non_peak_3,3,3,180,60
305UP,525,peak_1,10,10,240,24
305UP,525,peak_2,8,8,240,30
306ADOWN,528,peak_1,2,2,240,120
306ADOWN,528,peak_2,2,2,240,120
306AUP,529,non_peak_1,1,1,480,480
306AUP,529,non_peak_2,1,1,300,300
306AUP,529,peak_1,1,1,240,240
306AUP,529,peak_2,1,1,240,240
306DOWN,526,non_peak_1,1,1,480,480
306DOWN,526,non_peak_2,5,5,300,60
306DOWN,526,non_peak_3,1,1,180,180
306DOWN,526,peak_1,8,8,240,30
306DOWN,526,peak_2,7,7,240,35
306UP,527,non_peak_1,3,3,480,160
306UP,527,non_peak_2,4,4,300,75
306UP,527,peak_1,10,10,240,24
306UP,527,peak_2,6,6,240,40
307DOWN,530,non_peak_1,1,1,480,480
307DOWN,530,non_peak_2,2,2,300,150
307DOWN,530,peak_1,3,3,240,80
307DOWN,530,peak_2,2,2,240,120
307UP,531,non_peak_1,1,1,480,480
307UP,531,non_peak_2,2,2,300,150
307UP,531,peak_1,3,3,240,80
307UP,531,peak_2,2,2,240,120
308DOWN,532,non_peak_1,3,3,480,160
308DOWN,532,non_peak_2,4,4,300,75
308DOWN,532,non_peak_3,1,1,180,180
308DOWN,532,peak_1,8,8,240,30
308DOWN,532,peak_2,7,7,240,35
308UP,533,non_peak_1,4,4,480,120
308UP,533,non_peak_2,5,5,300,60
308UP,533,non_peak_3,1,1,180,180
308UP,533,peak_1,7,7,240,35
308UP,533,peak_2,6,6,240,40
309DOWN,534,non_peak_1,5,5,480,96
309DOWN,534,non_peak_2,26,26,300,12
309DOWN,534,non_peak_3,9,9,180,20
309DOWN,534,peak_1,16,16,240,15
309DOWN,534,peak_2,18,18,240,14
309UP,535,non_peak_1,9,9,480,54
309UP,535,non_peak_2,22,22,300,14
309UP,535,non_peak_3,3,3,180,60
309UP,535,peak_1,21,21,240,12
309UP,535,peak_2,19,19,240,13
30DOWN,496,non_peak_1,3,3,480,160
30DOWN,496,non_peak_2,8,8,300,38
30DOWN,496,non_peak_3,3,3,180,60
30DOWN,496,peak_1,7,7,240,35
30DOWN,496,peak_2,7,7,240,35
30UP,497,non_peak_1,6,6,480,80
30UP,497,non_peak_2,8,8,300,38
30UP,497,non_peak_3,1,1,180,180
30UP,497,peak_1,7,7,240,35
30UP,497,peak_2,6,6,240,40
311DOWN,538,non_peak_1,1,1,480,480
311DOWN,538,non_peak_2,3,3,300,100
311DOWN,538,peak_1,2,2,240,120
311DOWN,538,peak_2,2,2,240,120
311UP,539,non_peak_1,1,1,480,480
311UP,539,non_peak_2,3,3,300,100
311UP,539,peak_1,2,2,240,120
311UP,539,peak_2,2,2,240,120
312ADOWN,540,non_peak_2,2,2,300,150
312ADOWN,540,non_peak_3,1,1,180,180
312ADOWN,540,peak_1,4,4,240,60
312ADOWN,540,peak_2,3,3,240,80
312AUP,541,non_peak_1,2,2,480,240
312AUP,541,non_peak_2,3,3,300,100
312AUP,541,peak_1,2,2,240,120
312AUP,541,peak_2,3,3,240,80
312DOWN,542,non_peak_1,3,3,480,160
312DOWN,542,non_peak_2,7,7,300,43
312DOWN,542,non_peak_3,4,4,180,45
312DOWN,542,peak_1,5,5,240,48
312DOWN,542,peak_2,4,4,240,60
312UP,543,non_peak_1,4,4,480,120
312UP,543,non_peak_2,6,6,300,50
312UP,543,non_peak_3,2,2,180,90
312UP,543,peak_1,6,6,240,40
312UP,543,peak_2,5,5,240,48
313BDOWN,544,non_peak_1,1,1,480,480
313BDOWN,544,peak_2,1,1,240,240
313BUP,545,non_peak_1,1,1,480,480
313BUP,545,peak_2,1,1,240,240
313CDOWN,546,non_peak_1,2,2,480,240
313CDOWN,546,peak_2,4,4,240,60
313CUP,547,non_peak_1,4,4,480,120
313CUP,547,non_peak_3,1,1,180,180
313CUP,547,peak_1,1,1,240,240
313CUP,547,peak_2,1,1,240,240
313DOWN,548,non_peak_1,3,3,480,160
313DOWN,548,non_peak_2,11,11,300,28
313DOWN,548,non_peak_3,3,3,180,60
313DOWN,548,peak_1,8,8,240,30
313DOWN,548,peak_2,7,7,240,35
313UP,549,non_peak_1,6,6,480,80
313UP,549,non_peak_2,11,11,300,28
313UP,549,peak_1,8,8,240,30
313UP,549,peak_2,7,7,240,35
314DOWN,550,non_peak_1,5,5,480,96
314DOWN,550,non_peak_2,11,11,300,28
314DOWN,550,non_peak_3,3,3,180,60
314DOWN,550,peak_1,12,12,240,20
314DOWN,550,peak_2,11,11,240,22
314UP,551,non_peak_1,8,8,480,60
314UP,551,non_peak_2,12,12,300,25
314UP,551,non_peak_3,1,1,180,180
314UP,551,peak_1,11,11,240,22
314UP,551,peak_2,10,10,240,24
315DOWN,552,non_peak_1,8,8,480,60
315DOWN,552,non_peak_2,19,19,300,16
315DOWN,552,non_peak_3,11,11,180,17
315DOWN,552,peak_1,17,17,240,15
315DOWN,552,peak_2,17,17,240,15
315UP,553,non_peak_1,14,14,480,35
315UP,553,non_peak_2,19,19,300,16
315UP,553,non_peak_3,6,6,180,30
315UP,553,peak_1,16,16,240,15
315UP,553,peak_2,17,17,240,15
316DOWN,554,non_peak_1,1,1,480,480
316DOWN,554,non_peak_2,1,1,300,300
316DOWN,554,peak_1,1,1,240,240
316DOWN,554,peak_2,1,1,240,240
316UP,555,non_peak_1,1,1,480,480
316UP,555,non_peak_2,1,1,300,300
316UP,555,peak_1,1,1,240,240
316UP,555,peak_2,1,1,240,240
317ADOWN,556,peak_2,1,1,240,240
317BDOWN,557,non_peak_2,1,1,300,300
317BDOWN,557,peak_1,1,1,240,240
317DOWN,558,non_peak_1,2,2,480,240
317DOWN,558,non_peak_2,6,6,300,50
317DOWN,558,non_peak_3,1,1,180,180
317DOWN,558,peak_1,6,6,240,40
317DOWN,558,peak_2,6,6,240,40
317UP,559,non_peak_1,4,4,480,120
317UP,559,non_peak_2,7,7,300,43
317UP,559,peak_1,5,5,240,48
317UP,559,peak_2,6,6,240,40
31ADOWN,1016,non_peak_1,4,4,480,120
31ADOWN,1016,non_peak_2,10,10,300,30
31ADOWN,1016,non_peak_3,5,5,180,36
31ADOWN,1016,peak_1,8,8,240,30
31ADOWN,1016,peak_2,8,8,240,30
31AUP,1017,non_peak_1,4,4,480,120
31AUP,1017,non_peak_2,10,10,300,30
31AUP,1017,non_peak_3,5,5,180,36
31AUP,1017,peak_1,8,8,240,30
31AUP,1017,peak_2,8,8,240,30
31DOWN,536,non_peak_2,2,2,300,150
31DOWN,536,peak_1,2,2,240,120
31DOWN,536,peak_2,1,1,240,240
31UP,537,non_peak_2,2,2,300,150
31UP,537,peak_1,2,2,240,120
31UP,537,peak_2,1,1,240,240
320DOWN,560,non_peak_2,3,3,300,100
320DOWN,560,peak_1,4,4,240,60
320DOWN,560,peak_2,4,4,240,60
320UP,561,non_peak_1,1,1,480,480
320UP,561,non_peak_2,4,4,300,75
320UP,561,peak_1,4,4,240,60
320UP,561,peak_2,2,2,240,120
321DOWN,562,non_peak_2,3,3,300,100
321DOWN,562,peak_1,6,6,240,40
321DOWN,562,peak_2,2,2,240,120
321UP,563,non_peak_2,3,3,300,100
321UP,563,peak_1,5,5,240,48
321UP,563,peak_2,3,3,240,80
322ADOWN,566,non_peak_1,3,3,480,160
322ADOWN,566,non_peak_2,6,6,300,50
322ADOWN,566,peak_1,5,5,240,48
322ADOWN,566,peak_2,3,3,240,80
322AUP,567,non_peak_1,1,1,480,480
322AUP,567,non_peak_2,5,5,300,60
322AUP,567,peak_1,6,6,240,40
322AUP,567,peak_2,5,5,240,48
322DOWN,564,non_peak_1,11,11,480,44
322DOWN,564,non_peak_2,15,15,300,20
322DOWN,564,non_peak_3,1,1,180,180
322DOWN,564,peak_1,13,13,240,19
322DOWN,564,peak_2,12,12,240,20
322UP,565,non_peak_1,5,5,480,96
322UP,565,non_peak_2,16,16,300,19
322UP,565,non_peak_3,5,5,180,36
322UP,565,peak_1,14,14,240,18
322UP,565,peak_2,12,12,240,20
323ADOWN,570,non_peak_1,1,1,480,480
323ADOWN,570,non_peak_2,2,2,300,150
323ADOWN,570,peak_1,2,2,240,120
323ADOWN,570,peak_2,1,1,240,240
323AUP,571,non_peak_1,1,1,480,480
323AUP,571,non_peak_2,2,2,300,150
323AUP,571,peak_1,1,1,240,240
323AUP,571,peak_2,2,2,240,120
323DOWN,568,non_peak_1,3,3,480,160
323DOWN,568,non_peak_2,10,10,300,30
323DOWN,568,peak_1,8,8,240,30
323DOWN,568,peak_2,7,7,240,35
323UP,569,non_peak_1,1,1,480,480
323UP,569,non_peak_2,10,10,300,30
323UP,569,non_peak_3,2,2,180,90
323UP,569,peak_1,8,8,240,30
323UP,569,peak_2,7,7,240,35
324DOWN,572,non_peak_1,4,4,480,120
324DOWN,572,non_peak_2,21,21,300,15
324DOWN,572,non_peak_3,4,4,180,45
324DOWN,572,peak_1,15,15,240,16
324DOWN,572,peak_2,14,14,240,18
324UP,573,non_peak_1,8,8,480,60
324UP,573,non_peak_2,21,21,300,15
324UP,573,non_peak_3,1,1,180,180
324UP,573,peak_1,16,16,240,15
324UP,573,peak_2,12,12,240,20
325DOWN,574,non_peak_1,2,2,480,240
325DOWN,574,non_peak_2,3,3,300,100
325DOWN,574,non_peak_3,1,1,180,180
325DOWN,574,peak_1,2,2,240,120
325DOWN,574,peak_2,2,2,240,120
325UP,575,non_peak_1,2,2,480,240
325UP,575,non_peak_2,3,3,300,100
325UP,575,peak_1,3,3,240,80
325UP,575,peak_2,2,2,240,120
326ADOWN,576,non_peak_1,3,3,480,160
326ADOWN,576,non_peak_2,3,3,300,100
326ADOWN,576,non_peak_3,1,1,180,180
326ADOWN,576,peak_1,2,2,240,120
326ADOWN,576,peak_2,2,2,240,120
326AUP,577,non_peak_1,2,2,480,240
326AUP,577,non_peak_2,3,3,300,100
326AUP,577,peak_1,2,2,240,120
326AUP,577,peak_2,3,3,240,80
326DOWN,578,non_peak_1,1,1,480,480
326DOWN,578,non_peak_2,3,3,300,100
326DOWN,578,non_peak_3,1,1,180,180
326DOWN,578,peak_1,2,2,240,120
326DOWN,578,peak_2,2,2,240,120
326UP,579,non_peak_1,2,2,480,240
326UP,579,non_peak_2,4,4,300,75
326UP,579,peak_1,2,2,240,120
326UP,579,peak_2,2,2,240,120
327ADOWN,580,non_peak_3,3,3,180,60
327AUP,581,non_peak_1,3,3,480,160
327BDOWN,582,non_peak_1,3,3,480,160
327BUP,583,non_peak_3,3,3,180,60
327DOWN,584,non_peak_1,3,3,480,160
327DOWN,584,non_peak_2,7,7,300,43
327DOWN,584,peak_1,6,6,240,40
327DOWN,584,peak_2,5,5,240,48
327UP,585,non_peak_1,3,3,480,160
327UP,585,non_peak_2,7,7,300,43
327UP,585,peak_1,6,6,240,40
327UP,585,peak_2,5,5,240,48
329ADOWN,1072,non_peak_1,4,4,480,120
329ADOWN,1072,non_peak_2,10,10,300,30
329ADOWN,1072,non_peak_3,5,5,180,36
329ADOWN,1072,peak_1,8,8,240,30
329ADOWN,1072,peak_2,8,8,240,30
329AUP,1073,non_peak_1,4,4,480,120
329AUP,1073,non_peak_2,10,10,300,30
329AUP,1073,non_peak_3,5,5,180,36
329AUP,1073,peak_1,8,8,240,30
329AUP,1073,peak_2,8,8,240,30
329DOWN,586,non_peak_1,3,3,480,160
329DOWN,586,non_peak_2,5,5,300,60
329DOWN,586,non_peak_3,2,2,180,90
329DOWN,586,peak_1,5,5,240,48
329DOWN,586,peak_2,5,5,240,48
329UP,587,non_peak_1,4,4,480,120
329UP,587,non_peak_2,6,6,300,50
329UP,587,non_peak_3,2,2,180,90
329UP,587,peak_1,4,4,240,60
329UP,587,peak_2,4,4,240,60
330DOWN,588,non_peak_2,2,2,300,150
330DOWN,588,peak_1,2,2,240,120
330DOWN,588,peak_2,2,2,240,120
330UP,589,non_peak_1,2,2,480,240
330UP,589,non_peak_2,1,1,300,300
330UP,589,peak_1,2,2,240,120
330UP,589,peak_2,1,1,240,240
331ADDOWN,598,non_peak_1,1,1,480,480
331ADOWN,590,non_peak_2,1,1,300,300
331ADOWN,590,peak_1,2,2,240,120
331ADOWN,590,peak_2,1,1,240,240
331ADUP,599,peak_2,1,1,240,240
331AUP,591,non_peak_1,1,1,480,480
331AUP,591,non_peak_2,1,1,300,300
331AUP,591,peak_1,1,1,240,240
331AUP,591,peak_2,1,1,240,240
331BDOWN,592,non_peak_1,1,1,480,480
331BDOWN,592,non_peak_2,1,1,300,300
331BDOWN,592,peak_1,1,1,240,240
331BDOWN,592,peak_2,1,1,240,240
331BUP,593,non_peak_2,1,1,300,300
331BUP,593,peak_1,2,2,240,120
331BUP,593,peak_2,1,1,240,240
331CDOWN,594,non_peak_3,2,2,180,90
331CDOWN,594,peak_2,1,1,240,240
331CUP,595,non_peak_1,2,2,480,240
331DOWN,596,non_peak_1,4,4,480,120
331DOWN,596,non_peak_2,21,21,300,15
331DOWN,596,non_peak_3,4,4,180,45
331DOWN,596,peak_1,16,16,240,15
331DOWN,596,peak_2,15,15,240,16
331UP,597,non_peak_1,7,7,480,69
331UP,597,non_peak_2,23,23,300,14
331UP,597,non_peak_3,3,3,180,60
331UP,597,peak_1,15,15,240,16
331UP,597,peak_2,14,14,240,18
332DOWN,600,non_peak_1,1,1,480,480
332DOWN,600,non_peak_2,2,2,300,150
332DOWN,600,peak_1,2,2,240,120
332DOWN,600,peak_2,2,2,240,120
332UP,601,non_peak_1,2,2,480,240
332UP,601,non_peak_2,1,1,300,300
332UP,601,peak_1,2,2,240,120
332UP,601,peak_2,2,2,240,120
333DOWN,602,non_peak_1,3,3,480,160
333DOWN,602,non_peak_2,7,7,300,43
333DOWN,602,non_peak_3,2,2,180,90
333DOWN,602,peak_1,6,6,240,40
333DOWN,602,peak_2,6,6,240,40
333UP,603,non_peak_1,5,5,480,96
333UP,603,non_peak_2,8,8,300,38
333UP,603,peak_1,6,6,240,40
333UP,603,peak_2,5,5,240,48
334DOWN,604,non_peak_1,2,2,480,240
334DOWN,604,peak_1,2,2,240,120
334DOWN,604,peak_2,2,2,240,120
334UP,605,non_peak_1,1,1,480,480
334UP,605,non_peak_2,1,1,300,300
334UP,605,peak_1,2,2,240,120
334UP,605,peak_2,2,2,240,120
335ADOWN,1074,non_peak_1,4,4,480,120
335ADOWN,1074,non_peak_2,10,10,300,30
335ADOWN,1074,non_peak_3,5,5,180,36
335ADOWN,1074,peak_1,8,8,240,30
335ADOWN,1074,peak_2,8,8,240,30
335AUP,1075,non_peak_1,4,4,480,120
335AUP,1075,non_peak_2,10,10,300,30
335AUP,1075,non_peak_3,5,5,180,36
335AUP,1075,peak_1,8,8,240,30
335AUP,1075,peak_2,8,8,240,30
335DOWN,606,non_peak_1,1,1,480,480
335DOWN,606,non_peak_2,2,2,300,150
335DOWN,606,non_peak_3,1,1,180,180
335DOWN,606,peak_1,2,2,240,120
335DOWN,606,peak_2,2,2,240,120
335UP,607,non_peak_1,2,2,480,240
335UP,607,non_peak_2,2,2,300,150
335UP,607,non_peak_3,1,1,180,180
335UP,607,peak_1,2,2,240,120
335UP,607,peak_2,1,1,240,240
336DOWN,608,non_peak_1,5,5,480,96
336DOWN,608,non_peak_2,10,10,300,30
336DOWN,608,non_peak_3,3,3,180,60
336DOWN,608,peak_1,10,10,240,24
336DOWN,608,peak_2,10,10,240,24
336UP,609,non_peak_1,6,6,480,80
336UP,609,non_peak_2,10,10,300,30
336UP,609,non_peak_3,2,2,180,90
336UP,609,peak_1,10,10,240,24
336UP,609,peak_2,10,10,240,24
337DOWN,610,non_peak_1,2,2,480,240
337DOWN,610,non_peak_2,2,2,300,150
337DOWN,610,peak_1,2,2,240,120
337DOWN,610,peak_2,1,1,240,240
337UP,611,non_peak_1,1,1,480,480
337UP,611,non_peak_2,3,3,300,100
337UP,611,non_peak_3,1,1,180,180
337UP,611,peak_1,1,1,240,240
337UP,611,peak_2,1,1,240,240
339DOWN,612,non_peak_1,2,2,480,240
339DOWN,612,non_peak_2,2,2,300,150
339DOWN,612,peak_1,1,1,240,240
339DOWN,612,peak_2,1,1,240,240
339UP,613,non_peak_1,1,1,480,480
339UP,613,non_peak_2,1,1,300,300
339UP,613,peak_1,2,2,240,120
339UP,613,peak_2,2,2,240,120
340DOWN,614,non_peak_1,2,2,480,240
340DOWN,614,non_peak_2,4,4,300,75
340DOWN,614,peak_1,4,4,240,60
340DOWN,614,peak_2,3,3,240,80
340UP,615,non_peak_1,3,3,480,160
340UP,615,non_peak_2,5,5,300,60
340UP,615,peak_1,3,3,240,80
340UP,615,peak_2,2,2,240,120
341DOWN,616,non_peak_1,1,1,480,480
341DOWN,616,non_peak_2,2,2,300,150
341DOWN,616,peak_1,2,2,240,120
341DOWN,616,peak_2,2,2,240,120
341UP,617,non_peak_1,2,2,480,240
341UP,617,non_peak_2,2,2,300,150
341UP,617,peak_1,1,1,240,240
341UP,617,peak_2,2,2,240,120
342DOWN,618,non_peak_1,1,1,480,480
342DOWN,618,non_peak_2,2,2,300,150
342DOWN,618,peak_1,1,1,240,240
342DOWN,618,peak_2,1,1,240,240
342UP,619,non_peak_1,1,1,480,480
342UP,619,non_peak_2,1,1,300,300
342UP,619,peak_1,2,2,240,120
342UP,619,peak_2,1,1,240,240
343ADOWN,622,non_peak_2,8,8,300,38
343ADOWN,622,non_peak_3,2,2,180,90
343ADOWN,622,peak_1,1,1,240,240
343ADOWN,622,peak_2,6,6,240,40
343AUP,623,non_peak_1,7,7,480,69
343AUP,623,non_peak_2,8,8,300,38
343BUP,624,non_peak_1,1,1,480,480
343BUP,624,non_peak_2,1,1,300,300
343CDOWN,625,non_peak_2,1,1,300,300
343CDOWN,625,peak_1,1,1,240,240
343DOWN,620,non_peak_1,4,4,480,120
343DOWN,620,non_peak_2,2,2,300,150
343DOWN,620,peak_1,11,11,240,22
343DOWN,620,peak_2,5,5,240,48
343UP,621,non_peak_2,2,2,300,150
343UP,621,peak_1,14,14,240,18
343UP,621,peak_2,8,8,240,30
344DOWN,626,non_peak_1,1,1,480,480
344DOWN,626,non_peak_2,3,3,300,100
344DOWN,626,peak_1,2,2,240,120
344DOWN,626,peak_2,1,1,240,240
344UP,627,non_peak_2,3,3,300,100
344UP,627,peak_1,2,2,240,120
344UP,627,peak_2,2,2,240,120
345DOWN,628,non_peak_1,3,3,480,160
345DOWN,628,non_peak_2,3,3,300,100
345DOWN,628,peak_1,5,5,240,48
345DOWN,628,peak_2,5,5,240,48
345UP,629,non_peak_1,1,1,480,480
345UP,629,non_peak_2,3,3,300,100
345UP,629,non_peak_3,1,1,180,180
345UP,629,peak_1,5,5,240,48
345UP,629,peak_2,6,6,240,40
346DOWN,630,non_peak_1,2,2,480,240
346DOWN,630,non_peak_2,9,9,300,34
346DOWN,630,non_peak_3,2,2,180,90
346DOWN,630,peak_1,8,8,240,30
346DOWN,630,peak_2,7,7,240,35
346UP,631,non_peak_1,4,4,480,120
346UP,631,non_peak_2,10,10,300,30
346UP,631,peak_1,8,8,240,30
346UP,631,peak_2,6,6,240,40
347DOWN,632,non_peak_1,1,1,480,480
347DOWN,632,non_peak_2,1,1,300,300
347DOWN,632,peak_1,1,1,240,240
347DOWN,632,peak_2,1,1,240,240
347UP,633,non_peak_2,1,1,300,300
347UP,633,peak_1,1,1,240,240
347UP,633,peak_2,2,2,240,120
348DOWN,634,non_peak_1,12,12,480,40
348DOWN,634,non_peak_2,16,16,300,19
348DOWN,634,non_peak_3,2,2,180,90
348DOWN,634,peak_1,15,15,240,16
348DOWN,634,peak_2,12,12,240,20
348UP,635,non_peak_1,6,6,480,80
348UP,635,non_peak_2,17,17,300,18
348UP,635,non_peak_3,6,6,180,30
348UP,635,peak_1,16,16,240,15
348UP,635,peak_2,12,12,240,20
350DOWN,638,non_peak_1,11,11,480,44
350DOWN,638,non_peak_2,19,19,300,16
350DOWN,638,non_peak_3,8,8,180,23
350DOWN,638,peak_1,16,16,240,15
350DOWN,638,peak_2,16,16,240,15
350UP,639,non_peak_1,14,14,480,35
350UP,639,non_peak_2,21,21,300,15
350UP,639,non_peak_3,6,6,180,30
350UP,639,peak_1,15,15,240,16
350UP,639,peak_2,14,14,240,18
351ADOWN,640,peak_2,1,1,240,240
351AUP,641,non_peak_1,2,2,480,240
351DOWN,642,non_peak_1,1,1,480,480
351DOWN,642,non_peak_2,1,1,300,300
351DOWN,642,peak_1,3,3,240,80
351DOWN,642,peak_2,1,1,240,240
351UP,643,non_peak_2,2,2,300,150
351UP,643,peak_1,2,2,240,120
351UP,643,peak_2,1,1,240,240
353ADOWN,646,non_peak_2,1,1,300,300
353AUP,647,non_peak_1,2,2,480,240
353AUP,647,non_peak_2,1,1,300,300
353BDOWN,648,non_peak_2,3,3,300,100
353BDOWN,648,peak_1,2,2,240,120
353BUP,649,peak_1,3,3,240,80
353BUP,649,peak_2,4,4,240,60
353CDOWN,650,non_peak_1,2,2,480,240
353CDOWN,650,peak_2,1,1,240,240
353CUP,651,peak_1,1,1,240,240
353DOWN,644,peak_1,3,3,240,80
353DOWN,644,peak_2,4,4,240,60
353UP,645,non_peak_1,2,2,480,240
353UP,645,non_peak_2,3,3,300,100
354ADOWN,654,non_peak_1,6,6,480,80
354ADOWN,654,non_peak_2,8,8,300,38
354ADOWN,654,peak_1,2,2,240,120
354AUP,655,non_peak_2,6,6,300,50
354AUP,655,non_peak_3,4,4,180,45
354AUP,655,peak_1,2,2,240,120
354AUP,655,peak_2,4,4,240,60
354DOWN,652,non_peak_2,2,2,300,150
354DOWN,652,non_peak_3,1,1,180,180
354DOWN,652,peak_1,6,6,240,40
354DOWN,652,peak_2,7,7,240,35
354UP,653,non_peak_1,2,2,480,240
354UP,653,non_peak_2,4,4,300,75
354UP,653,peak_1,6,6,240,40
354UP,653,peak_2,4,4,240,60
355ADOWN,658,non_peak_2,6,6,300,50
355ADOWN,658,non_peak_3,5,5,180,36
355ADOWN,658,peak_1,7,7,240,35
355ADOWN,658,peak_2,10,10,240,24
355AUP,659,non_peak_1,6,6,480,80
355AUP,659,non_peak_2,6,6,300,50
355AUP,659,peak_1,10,10,240,24
355AUP,659,peak_2,5,5,240,48
355DOWN,656,non_peak_1,10,10,480,48
355DOWN,656,non_peak_2,25,25,300,12
355DOWN,656,non_peak_3,3,3,180,60
355DOWN,656,peak_1,24,24,240,10
355DOWN,656,peak_2,22,22,240,11
355MDOWN,660,non_peak_2,1,1,300,300
355MDOWN,660,peak_1,3,3,240,80
355MDOWN,660,peak_2,1,1,240,240
355MUP,661,non_peak_2,1,1,300,300
355MUP,661,peak_1,2,2,240,120
355MUP,661,peak_2,2,2,240,120
355UP,657,non_peak_1,7,7,480,69
355UP,657,non_peak_2,25,25,300,12
355UP,657,non_peak_3,6,6,180,30
355UP,657,peak_1,21,21,240,12
355UP,657,peak_2,25,25,240,10
356ADOWN,1076,non_peak_1,4,4,480,120
356ADOWN,1076,non_peak_2,10,10,300,30
356ADOWN,1076,non_peak_3,5,5,180,36
356ADOWN,1076,peak_1,8,8,240,30
356ADOWN,1076,peak_2,8,8,240,30
356AUP,1077,non_peak_1,4,4,480,120
356AUP,1077,non_peak_2,10,10,300,30
356AUP,1077,non_peak_3,5,5,180,36
356AUP,1077,peak_1,8,8,240,30
356AUP,1077,peak_2,8,8,240,30
356DOWN,662,non_peak_1,2,2,480,240
356DOWN,662,non_peak_2,3,3,300,100
356DOWN,662,non_peak_3,1,1,180,180
356DOWN,662,peak_1,3,3,240,80
356DOWN,662,peak_2,3,3,240,80
356UP,663,non_peak_1,2,2,480,240
356UP,663,non_peak_2,3,3,300,100
356UP,663,non_peak_3,1,1,180,180
356UP,663,peak_1,3,3,240,80
356UP,663,peak_2,3,3,240,80
357DOWN,664,non_peak_1,8,8,480,60
357DOWN,664,non_peak_2,19,19,300,16
357DOWN,664,non_peak_3,8,8,180,23
357DOWN,664,peak_1,21,21,240,12
357DOWN,664,peak_2,18,18,240,14
357UP,665,non_peak_1,14,14,480,35
357UP,665,non_peak_2,21,21,300,15
357UP,665,non_peak_3,4,4,180,45
357UP,665,peak_1,18,18,240,14
357UP,665,peak_2,17,17,240,15
358ADOWN,668,non_peak_1,4,4,480,120
358ADOWN,668,non_peak_2,9,9,300,34
358ADOWN,668,non_peak_3,1,1,180,180
358ADOWN,668,peak_1,6,6,240,40
358ADOWN,668,peak_2,5,5,240,48
358AUP,669,non_peak_1,6,6,480,80
358AUP,669,non_peak_2,7,7,300,43
358AUP,669,peak_1,7,7,240,35
358AUP,669,peak_2,5,5,240,48
358BDOWN,670,non_peak_1,1,1,480,480
358BDOWN,670,peak_1,4,4,240,60
358BUP,671,non_peak_1,4,4,480,120
358BUP,671,peak_1,1,1,240,240
358CDOWN,1078,non_peak_1,4,4,480,120
358CDOWN,1078,non_peak_2,10,10,300,30
358CDOWN,1078,non_peak_3,5,5,180,36
358CDOWN,1078,peak_1,8,8,240,30
358CDOWN,1078,peak_2,8,8,240,30
358CUP,1079,non_peak_1,4,4,480,120
358CUP,1079,non_peak_2,10,10,300,30
358CUP,1079,non_peak_3,5,5,180,36
358CUP,1079,peak_1,8,8,240,30
358CUP,1079,peak_2,8,8,240,30
358DOWN,666,non_peak_1,15,15,480,32
358DOWN,666,non_peak_2,27,27,300,12
358DOWN,666,non_peak_3,14,14,180,13
358DOWN,666,peak_1,22,22,240,11
358DOWN,666,peak_2,25,25,240,10
358UP,667,non_peak_1,20,20,480,24
358UP,667,non_peak_2,27,27,300,12
358UP,667,non_peak_3,8,8,180,23
358UP,667,peak_1,23,23,240,11
358UP,667,peak_2,24,24,240,10
359ADOWN,672,non_peak_2,1,1,300,300
359ADOWN,672,peak_1,1,1,240,240
359AUP,673,non_peak_2,1,1,300,300
359AUP,673,peak_1,1,1,240,240
359AUP,673,peak_2,1,1,240,240
35ARING,674,non_peak_1,2,2,480,240
35ARING,674,non_peak_2,3,3,300,100
35ARING,674,peak_1,3,3,240,80
35ARING,674,peak_2,1,1,240,240
35BUP,675,non_peak_2,1,1,300,300
35BUP,675,peak_1,1,1,240,240
35BUP,675,peak_2,1,1,240,240
35DOWN,636,non_peak_1,13,13,480,37
35DOWN,636,non_peak_2,27,27,300,12
35DOWN,636,non_peak_3,8,8,180,23
35DOWN,636,peak_1,23,23,240,11
35DOWN,636,peak_2,23,23,240,11
35JDOWN,676,non_peak_1,4,4,480,120
35JDOWN,676,non_peak_2,10,10,300,30
35JDOWN,676,non_peak_3,5,5,180,36
35JDOWN,676,peak_1,8,8,240,30
35JDOWN,676,peak_2,8,8,240,30
35JUP,677,non_peak_1,4,4,480,120
35JUP,677,non_peak_2,10,10,300,30
35JUP,677,non_peak_3,5,5,180,36
35JUP,677,peak_1,8,8,240,30
35JUP,677,peak_2,8,8,240,30
35SDOWN,678,non_peak_1,4,4,480,120
35SDOWN,678,non_peak_2,10,10,300,30
35SDOWN,678,non_peak_3,5,5,180,36
35SDOWN,678,peak_1,8,8,240,30
35SDOWN,678,peak_2,8,8,240,30
35SUP,679,non_peak_1,4,4,480,120
35SUP,679,non_peak_2,10,10,300,30
35SUP,679,non_peak_3,5,5,180,36
35SUP,679,peak_1,8,8,240,30
35SUP,679,peak_2,8,8,240,30
35UP,637,non_peak_1,9,9,480,54
35UP,637,non_peak_2,28,28,300,11
35UP,637,non_peak_3,13,13,180,14
35UP,637,peak_1,24,24,240,10
35UP,637,peak_2,20,20,240,12
360DOWN,682,non_peak_1,5,5,480,96
360DOWN,682,non_peak_2,10,10,300,30
360DOWN,682,peak_1,8,8,240,30
360DOWN,682,peak_2,7,7,240,35
360UP,683,non_peak_1,2,2,480,240
360UP,683,non_peak_2,10,10,300,30
360UP,683,non_peak_3,2,2,180,90
360UP,683,peak_1,8,8,240,30
360UP,683,peak_2,8,8,240,30
361DOWN,684,non_peak_1,22,22,480,22
361DOWN,684,non_peak_2,22,22,300,14
361DOWN,684,non_peak_3,2,2,180,90
361DOWN,684,peak_1,22,22,240,11
361DOWN,684,peak_2,14,14,240,18
361UP,685,non_peak_1,9,9,480,54
361UP,685,non_peak_2,20,20,300,15
361UP,685,non_peak_3,13,13,180,14
361UP,685,peak_1,20,20,240,12
361UP,685,peak_2,21,21,240,12
362ADOWN,686,non_peak_1,1,1,480,480
362ADOWN,686,non_peak_2,1,1,300,300
362AUP,687,non_peak_1,1,1,480,480
362AUP,687,peak_2,1,1,240,240
362DOWN,688,non_peak_1,1,1,480,480
362DOWN,688,non_peak_2,1,1,300,300
362DOWN,688,peak_1,2,2,240,120
362DOWN,688,peak_2,2,2,240,120
362UP,689,non_peak_1,1,1,480,480
362UP,689,non_peak_2,2,2,300,150
362UP,689,non_peak_3,1,1,180,180
362UP,689,peak_1,1,1,240,240
362UP,689,peak_2,1,1,240,240
363ADOWN,690,non_peak_1,1,1,480,480
363ADOWN,690,non_peak_2,6,6,300,50
363ADOWN,690,peak_1,5,5,240,48
363ADOWN,690,peak_2,4,4,240,60
363AUP,691,non_peak_1,2,2,480,240
363AUP,691,non_peak_2,6,6,300,50
363AUP,691,peak_1,5,5,240,48
363AUP,691,peak_2,3,3,240,80
363DOWN,692,non_peak_1,3,3,480,160
363DOWN,692,non_peak_2,6,6,300,50
363DOWN,692,non_peak_3,1,1,180,180
363DOWN,692,peak_1,6,6,240,40
363DOWN,692,peak_2,6,6,240,40
363UP,693,non_peak_1,4,4,480,120
363UP,693,non_peak_2,6,6,300,50
363UP,693,peak_1,6,6,240,40
363UP,693,peak_2,6,6,240,40
364DOWN,694,non_peak_1,1,1,480,480
364DOWN,694,non_peak_2,1,1,300,300
364DOWN,694,peak_1,2,2,240,120
364DOWN,694,peak_2,1,1,240,240
364UP,695,non_peak_1,1,1,480,480
364UP,695,non_peak_2,1,1,300,300
364UP,695,peak_1,2,2,240,120
364UP,695,peak_2,1,1,240,240
366DOWN,696,non_peak_1,4,4,480,120
366DOWN,696,non_peak_2,6,6,300,50
366DOWN,696,non_peak_3,4,4,180,45
366DOWN,696,peak_1,5,5,240,48
366DOWN,696,peak_2,5,5,240,48
366UP,697,non_peak_1,6,6,480,80
366UP,697,non_peak_2,6,6,300,50
366UP,697,non_peak_3,2,2,180,90
366UP,697,peak_1,5,5,240,48
366UP,697,peak_2,5,5,240,48
367ADOWN,700,non_peak_1,1,1,480,480
367ADOWN,700,non_peak_2,1,1,300,300
367ADOWN,700,peak_1,2,2,240,120
367ADOWN,700,peak_2,1,1,240,240
367AUP,701,non_peak_1,1,1,480,480
367AUP,701,non_peak_2,1,1,300,300
367AUP,701,peak_1,2,2,240,120
367AUP,701,peak_2,1,1,240,240
367DOWN,698,non_peak_1,3,3,480,160
367DOWN,698,non_peak_2,11,11,300,28
367DOWN,698,peak_1,12,12,240,20
367DOWN,698,peak_2,6,6,240,40
367MDOWN,1018,non_peak_1,1,1,480,480
367MDOWN,1018,non_peak_2,2,2,300,150
367MDOWN,1018,peak_1,3,3,240,80
367MDOWN,1018,peak_2,2,2,240,120
367MUP,1019,non_peak_1,1,1,480,480
367MUP,1019,non_peak_2,2,2,300,150
367MUP,1019,peak_1,3,3,240,80
367MUP,1019,peak_2,2,2,240,120
367UP,699,non_peak_1,2,2,480,240
367UP,699,non_peak_2,11,11,300,28
367UP,699,peak_1,11,11,240,22
367UP,699,peak_2,8,8,240,30
368DOWN,702,non_peak_1,3,3,480,160
368DOWN,702,non_peak_2,7,7,300,43
368DOWN,702,peak_1,6,6,240,40
368DOWN,702,peak_2,7,7,240,35
368UP,703,non_peak_1,4,4,480,120
368UP,703,non_peak_2,7,7,300,43
368UP,703,peak_1,6,6,240,40
368UP,703,peak_2,6,6,240,40
369AUP,1080,non_peak_1,4,4,480,120
369AUP,1080,non_peak_2,10,10,300,30
369AUP,1080,non_peak_3,5,5,180,36
369AUP,1080,peak_1,8,8,240,30
369AUP,1080,peak_2,8,8,240,30
369DOWN,704,non_peak_1,4,4,480,120
369DOWN,704,non_peak_2,13,13,300,24
369DOWN,704,non_peak_3,5,5,180,36
369DOWN,704,peak_1,12,12,240,20
369DOWN,704,peak_2,12,12,240,20
369UP,705,non_peak_1,8,8,480,60
369UP,705,non_peak_2,14,14,300,22
369UP,705,non_peak_3,2,2,180,90
369UP,705,peak_1,11,11,240,22
369UP,705,peak_2,11,11,240,22
36ADOWN,706,non_peak_2,5,5,300,60
36AUP,707,non_peak_1,4,4,480,120
36AUP,707,non_peak_2,4,4,300,75
36AUP,707,peak_1,1,1,240,240
36AUP,707,peak_2,1,1,240,240
36DOWN,680,non_peak_1,5,5,480,96
36DOWN,680,non_peak_2,10,10,300,30
36DOWN,680,non_peak_3,4,4,180,45
36DOWN,680,peak_1,11,11,240,22
36DOWN,680,peak_2,11,11,240,22
36UP,681,non_peak_1,4,4,480,120
36UP,681,non_peak_2,10,10,300,30
36UP,681,non_peak_3,4,4,180,45
36UP,681,peak_1,11,11,240,22
36UP,681,peak_2,12,12,240,20
370DOWN,710,non_peak_1,1,1,480,480
370DOWN,710,non_peak_2,1,1,300,300
370DOWN,710,peak_1,1,1,240,240
370UP,711,non_peak_2,1,1,300,300
370UP,711,peak_1,1,1,240,240
370UP,711,peak_2,1,1,240,240
371DOWN,712,non_peak_1,1,1,480,480
371DOWN,712,non_peak_2,2,2,300,150
371DOWN,712,peak_1,1,1,240,240
371DOWN,712,peak_2,1,1,240,240
371UP,713,non_peak_1,1,1,480,480
371UP,713,non_peak_2,1,1,300,300
371UP,713,peak_1,2,2,240,120
371UP,713,peak_2,1,1,240,240
372ADOWN,718,peak_2,3,3,240,80
372AUP,719,non_peak_1,2,2,480,240
372DOWN,714,non_peak_1,9,9,480,54
372DOWN,714,non_peak_2,20,20,300,15
372DOWN,714,non_peak_3,5,5,180,36
372DOWN,714,peak_1,20,20,240,12
372DOWN,714,peak_2,16,16,240,15
372MDOWN,715,non_peak_2,1,1,300,300
372MDOWN,715,peak_1,2,2,240,120
372MDOWN,715,peak_2,1,1,240,240
372MUP,716,non_peak_1,1,1,480,480
372MUP,716,non_peak_2,2,2,300,150
372MUP,716,peak_1,1,1,240,240
372UP,717,non_peak_1,10,10,480,48
372UP,717,non_peak_2,20,20,300,15
372UP,717,non_peak_3,3,3,180,60
372UP,717,peak_1,20,20,240,12
372UP,717,peak_2,17,17,240,15
373ADOWN,721,peak_2,2,2,240,120
373AUP,722,non_peak_1,2,2,480,240
373DOWN,1020,non_peak_1,4,4,480,120
373DOWN,1020,non_peak_2,10,10,300,30
373DOWN,1020,non_peak_3,5,5,180,36
373DOWN,1020,peak_1,8,8,240,30
373DOWN,1020,peak_2,8,8,240,30
373RING,720,non_peak_2,6,6,300,50
373RING,720,peak_1,10,10,240,24
373RING,720,peak_2,6,6,240,40
373UP,1021,non_peak_1,4,4,480,120
373UP,1021,non_peak_2,10,10,300,30
373UP,1021,non_peak_3,5,5,180,36
373UP,1021,peak_1,8,8,240,30
373UP,1021,peak_2,8,8,240,30
374ADOWN,725,non_peak_1,1,1,480,480
374ADOWN,725,non_peak_2,1,1,300,300
374ADOWN,725,peak_1,3,3,240,80
374ADOWN,725,peak_2,2,2,240,120
374AUP,726,non_peak_1,2,2,480,240
374AUP,726,non_peak_2,1,1,300,300
374AUP,726,peak_1,2,2,240,120
374AUP,726,peak_2,2,2,240,120
374DOWN,723,non_peak_1,3,3,480,160
374DOWN,723,non_peak_2,5,5,300,60
374DOWN,723,non_peak_3,2,2,180,90
374DOWN,723,peak_1,5,5,240,48
374DOWN,723,peak_2,5,5,240,48
374UP,724,non_peak_1,4,4,480,120
374UP,724,non_peak_2,6,6,300,50
374UP,724,non_peak_3,1,1,180,180
374UP,724,peak_1,4,4,240,60
374UP,724,peak_2,5,5,240,48
375ADOWN,1022,non_peak_1,4,4,480,120
375ADOWN,1022,non_peak_2,10,10,300,30
375ADOWN,1022,non_peak_3,5,5,180,36
375ADOWN,1022,peak_1,8,8,240,30
375ADOWN,1022,peak_2,8,8,240,30
375AUP,1023,non_peak_1,4,4,480,120
375AUP,1023,non_peak_2,10,10,300,30
375AUP,1023,non_peak_3,5,5,180,36
375AUP,1023,peak_1,8,8,240,30
375AUP,1023,peak_2,8,8,240,30
375BDOWN,1081,non_peak_1,4,4,480,120
375BDOWN,1081,non_peak_2,10,10,300,30
375BDOWN,1081,non_peak_3,5,5,180,36
375BDOWN,1081,peak_1,8,8,240,30
375BDOWN,1081,peak_2,8,8,240,30
375BUP,1082,non_peak_1,4,4,480,120
375BUP,1082,non_peak_2,10,10,300,30
375BUP,1082,non_peak_3,5,5,180,36
375BUP,1082,peak_1,8,8,240,30
375BUP,1082,peak_2,8,8,240,30
375DOWN,1083,non_peak_1,4,4,480,120
375DOWN,1083,non_peak_2,10,10,300,30
375DOWN,1083,non_peak_3,5,5,180,36
375DOWN,1083,peak_1,8,8,240,30
375DOWN,1083,peak_2,8,8,240,30
375UP,1084,non_peak_1,4,4,480,120
375UP,1084,non_peak_2,10,10,300,30
375UP,1084,non_peak_3,5,5,180,36
375UP,1084,peak_1,8,8,240,30
375UP,1084,peak_2,8,8,240,30
376DOWN,727,non_peak_1,1,1,480,480
376DOWN,727,non_peak_2,3,3,300,100
376DOWN,727,peak_1,3,3,240,80
376DOWN,727,peak_2,1,1,240,240
376UP,728,non_peak_2,3,3,300,100
376UP,728,peak_1,3,3,240,80
376UP,728,peak_2,2,2,240,120
37DOWN,708,non_peak_1,1,1,480,480
37DOWN,708,non_peak_2,3,3,300,100
37DOWN,708,peak_1,3,3,240,80
37DOWN,708,peak_2,2,2,240,120
37UP,709,non_peak_1,2,2,480,240
37UP,709,non_peak_2,3,3,300,100
37UP,709,peak_1,2,2,240,120
37UP,709,peak_2,2,2,240,120
380DOWN,731,non_peak_2,3,3,300,100
380DOWN,731,peak_1,3,3,240,80
380DOWN,731,peak_2,2,2,240,120
380UP,732,non_peak_1,1,1,480,480
380UP,732,non_peak_2,3,3,300,100
380UP,732,peak_1,3,3,240,80
380UP,732,peak_2,1,1,240,240
381DOWN,733,non_peak_1,2,2,480,240
381DOWN,733,non_peak_2,5,5,300,60
381DOWN,733,peak_1,7,7,240,35
381DOWN,733,peak_2,6,6,240,40
381UP,734,non_peak_1,2,2,480,240
381UP,734,non_peak_2,3,3,300,100
381UP,734,peak_1,7,7,240,35
381UP,734,peak_2,6,6,240,40
38DOWN,729,non_peak_1,3,3,480,160
38DOWN,729,non_peak_2,13,13,300,24
38DOWN,729,non_peak_3,8,8,180,23
38DOWN,729,peak_1,11,11,240,22
38DOWN,729,peak_2,11,11,240,22
38UP,730,non_peak_1,6,6,480,80
38UP,730,non_peak_2,12,12,300,25
38UP,730,non_peak_3,4,4,180,45
38UP,730,peak_1,12,12,240,20
38UP,730,peak_2,12,12,240,20
39DOWN,735,non_peak_1,2,2,480,240
39DOWN,735,non_peak_2,6,6,300,50
39DOWN,735,non_peak_3,1,1,180,180
39DOWN,735,peak_1,6,6,240,40
39DOWN,735,peak_2,6,6,240,40
39UP,736,non_peak_1,3,3,480,160
39UP,736,non_peak_2,6,6,300,50
39UP,736,peak_1,7,7,240,35
39UP,736,peak_2,5,5,240,48
3RING,495,non_peak_1,2,2,480,240
3RING,495,non_peak_2,4,4,300,75
3RING,495,peak_1,3,3,240,80
3RING,495,peak_2,3,3,240,80
41DOWN,739,peak_1,2,2,240,120
41DOWN,739,peak_2,1,1,240,240
41UP,740,non_peak_1,1,1,480,480
41UP,740,peak_1,1,1,240,240
41UP,740,peak_2,1,1,240,240
42DOWN,741,non_peak_1,11,11,480,44
42DOWN,741,non_peak_2,22,22,300,14
42DOWN,741,non_peak_3,11,11,180,17
42DOWN,741,peak_1,20,20,240,12
42DOWN,741,peak_2,20,20,240,12
42UP,742,non_peak_1,13,13,480,37
42UP,742,non_peak_2,23,23,300,14
42UP,742,non_peak_3,9,9,180,20
42UP,742,peak_1,20,20,240,12
42UP,742,peak_2,19,19,240,13
43ACDOWN,747,non_peak_1,4,4,480,120
43ACDOWN,747,non_peak_2,10,10,300,30
43ACDOWN,747,non_peak_3,5,5,180,36
43ACDOWN,747,peak_1,8,8,240,30
43ACDOWN,747,peak_2,8,8,240,30
43ACUP,748,non_peak_1,4,4,480,120
43ACUP,748,non_peak_2,10,10,300,30
43ACUP,748,non_peak_3,5,5,180,36
43ACUP,748,peak_1,8,8,240,30
43ACUP,748,peak_2,8,8,240,30
43ADDOWN,749,non_peak_1,5,5,480,96
43ADDOWN,749,non_peak_2,4,4,300,75
43ADDOWN,749,peak_2,1,1,240,240
43ADOWN,745,non_peak_1,7,7,480,69
43ADOWN,745,non_peak_2,12,12,300,25
43ADOWN,745,non_peak_3,2,2,180,90
43ADOWN,745,peak_1,13,13,240,19
43ADOWN,745,peak_2,14,14,240,18
43ADUP,750,non_peak_2,1,1,300,300
43ADUP,750,non_peak_3,4,4,180,45
43ADUP,750,peak_1,2,2,240,120
43ADUP,750,peak_2,2,2,240,120
43AUP,746,non_peak_1,7,7,480,69
43AUP,746,non_peak_2,12,12,300,25
43AUP,746,non_peak_3,1,1,180,180
43AUP,746,peak_1,15,15,240,16
43AUP,746,peak_2,14,14,240,18
43DOWN,743,non_peak_1,13,13,480,37
43DOWN,743,non_peak_2,27,27,300,12
43DOWN,743,non_peak_3,5,5,180,36
43DOWN,743,peak_1,21,21,240,12
43DOWN,743,peak_2,22,22,240,11
43UP,744,non_peak_1,13,13,480,37
43UP,744,non_peak_2,27,27,300,12
43UP,744,non_peak_3,5,5,180,36
43UP,744,peak_1,21,21,240,12
43UP,744,peak_2,22,22,240,11
44ADOWN,753,non_peak_2,5,5,300,60
44AUP,754,non_peak_1,1,1,480,480
44AUP,754,non_peak_2,3,3,300,100
44AUP,754,peak_1,1,1,240,240
44AUP,754,peak_2,2,2,240,120
44DOWN,751,non_peak_1,3,3,480,160
44DOWN,751,non_peak_2,4,4,300,75
44DOWN,751,non_peak_3,1,1,180,180
44DOWN,751,peak_1,5,5,240,48
44DOWN,751,peak_2,5,5,240,48
44UP,752,non_peak_1,1,1,480,480
44UP,752,non_peak_2,4,4,300,75
44UP,752,non_peak_3,3,3,180,60
44UP,752,peak_1,5,5,240,48
44UP,752,peak_2,3,3,240,80
45DOWN,755,non_peak_1,1,1,480,480
45DOWN,755,non_peak_2,1,1,300,300
45DOWN,755,peak_1,2,2,240,120
45DOWN,755,peak_2,2,2,240,120
45UP,756,non_peak_2,3,3,300,100
45UP,756,peak_1,1,1,240,240
45UP,756,peak_2,2,2,240,120
47DOWN,757,non_peak_1,1,1,480,480
47DOWN,757,non_peak_2,2,2,300,150
47DOWN,757,peak_1,2,2,240,120
47DOWN,757,peak_2,2,2,240,120
47UP,758,non_peak_1,2,2,480,240
47UP,758,non_peak_2,3,3,300,100
47UP,758,peak_1,1,1,240,240
47UP,758,peak_2,1,1,240,240
4DOWN,737,non_peak_1,11,11,480,44
4DOWN,737,non_peak_2,26,26,300,12
4DOWN,737,non_peak_3,15,15,180,12
4DOWN,737,peak_1,23,23,240,11
4DOWN,737,peak_2,22,22,240,11
4UP,738,non_peak_1,14,14,480,35
4UP,738,non_peak_2,30,30,300,10
4UP,738,non_peak_3,12,12,180,15
4UP,738,peak_1,21,21,240,12
4UP,738,peak_2,21,21,240,12
50ADOWN,763,non_peak_1,4,4,480,120
50ADOWN,763,non_peak_2,10,10,300,30
50ADOWN,763,non_peak_3,5,5,180,36
50ADOWN,763,peak_1,8,8,240,30
50ADOWN,763,peak_2,8,8,240,30
50AUP,764,non_peak_1,4,4,480,120
50AUP,764,non_peak_2,10,10,300,30
50AUP,764,non_peak_3,5,5,180,36
50AUP,764,peak_1,8,8,240,30
50AUP,764,peak_2,8,8,240,30
50BDOWN,1085,non_peak_1,4,4,480,120
50BDOWN,1085,non_peak_2,10,10,300,30
50BDOWN,1085,non_peak_3,5,5,180,36
50BDOWN,1085,peak_1,8,8,240,30
50BDOWN,1085,peak_2,8,8,240,30
50BUP,765,non_peak_1,4,4,480,120
50DOWN,761,non_peak_1,3,3,480,160
50DOWN,761,non_peak_2,5,5,300,60
50DOWN,761,non_peak_3,2,2,180,90
50DOWN,761,peak_1,5,5,240,48
50DOWN,761,peak_2,5,5,240,48
50KADOWN,766,non_peak_1,4,4,480,120
50KADOWN,766,non_peak_2,10,10,300,30
50KADOWN,766,non_peak_3,5,5,180,36
50KADOWN,766,peak_1,8,8,240,30
50KADOWN,766,peak_2,8,8,240,30
50KAUP,767,non_peak_1,4,4,480,120
50KAUP,767,non_peak_2,10,10,300,30
50KAUP,767,non_peak_3,5,5,180,36
50KAUP,767,peak_1,8,8,240,30
50KAUP,767,peak_2,8,8,240,30
50KDOWN,768,non_peak_1,4,4,480,120
50KDOWN,768,non_peak_2,10,10,300,30
50KDOWN,768,non_peak_3,5,5,180,36
50KDOWN,768,peak_1,8,8,240,30
50KDOWN,768,peak_2,8,8,240,30
50KUP,769,non_peak_1,4,4,480,120
50KUP,769,non_peak_2,10,10,300,30
50KUP,769,non_peak_3,5,5,180,36
50KUP,769,peak_1,8,8,240,30
50KUP,769,peak_2,8,8,240,30
50NDOWN,1086,non_peak_1,4,4,480,120
50NDOWN,1086,non_peak_2,10,10,300,30
50NDOWN,1086,non_peak_3,5,5,180,36
50NDOWN,1086,peak_1,8,8,240,30
50NDOWN,1086,peak_2,8,8,240,30
50NUP,1087,non_peak_1,4,4,480,120
50NUP,1087,non_peak_2,10,10,300,30
50NUP,1087,non_peak_3,5,5,180,36
50NUP,1087,peak_1,8,8,240,30
50NUP,1087,peak_2,8,8,240,30
50UP,762,non_peak_1,1,1,480,480
50UP,762,non_peak_2,5,5,300,60
50UP,762,peak_1,5,5,240,48
50UP,762,peak_2,5,5,240,48
51ADOWN,770,non_peak_1,2,2,480,240
51ADOWN,770,non_peak_2,2,2,300,150
51ADOWN,770,peak_1,1,1,240,240
51ADOWN,770,peak_2,2,2,240,120
51AUP,771,non_peak_1,2,2,480,240
51AUP,771,non_peak_2,2,2,300,150
51AUP,771,peak_1,2,2,240,120
51AUP,771,peak_2,1,1,240,240
51DOWN,772,non_peak_1,2,2,480,240
51DOWN,772,non_peak_2,5,5,300,60
51DOWN,772,non_peak_3,2,2,180,90
51DOWN,772,peak_1,6,6,240,40
51DOWN,772,peak_2,4,4,240,60
51UP,773,non_peak_1,5,5,480,96
51UP,773,non_peak_2,5,5,300,60
51UP,773,peak_1,4,4,240,60
51UP,773,peak_2,5,5,240,48
52ADOWN,774,non_peak_1,1,1,480,480
52ADOWN,774,non_peak_2,2,2,300,150
52ADOWN,774,peak_1,2,2,240,120
52ADOWN,774,peak_2,2,2,240,120
52AUP,775,non_peak_1,1,1,480,480
52AUP,775,non_peak_2,2,2,300,150
52AUP,775,peak_1,2,2,240,120
52AUP,775,peak_2,2,2,240,120
52BDOWN,776,non_peak_1,1,1,480,480
52BUP,777,non_peak_1,1,1,480,480
52CDOWN,778,non_peak_1,2,2,480,240
52CDOWN,778,non_peak_2,1,1,300,300
52CDOWN,778,non_peak_3,1,1,180,180
52CDOWN,778,peak_1,1,1,240,240
52CDOWN,778,peak_2,1,1,240,240
52CUP,779,non_peak_1,1,1,480,480
52CUP,779,non_peak_2,1,1,300,300
52CUP,779,non_peak_3,1,1,180,180
52CUP,779,peak_1,1,1,240,240
52CUP,779,peak_2,2,2,240,120
52DDOWN,781,non_peak_1,1,1,480,480
52DDOWN,781,non_peak_2,1,1,300,300
52DDOWN,781,peak_1,1,1,240,240
52DDOWN,781,peak_2,1,1,240,240
52DOWN,780,non_peak_1,2,2,480,240
52DOWN,780,non_peak_2,9,9,300,34
52DOWN,780,non_peak_3,4,4,180,45
52DOWN,780,peak_1,8,8,240,30
52DOWN,780,peak_2,7,7,240,35
52DUP,782,non_peak_1,1,1,480,480
52DUP,782,non_peak_2,1,1,300,300
52DUP,782,peak_1,1,1,240,240
52DUP,782,peak_2,1,1,240,240
52UP,783,non_peak_1,6,6,480,80
52UP,783,non_peak_2,9,9,300,34
52UP,783,non_peak_3,2,2,180,90
52UP,783,peak_1,7,7,240,35
52UP,783,peak_2,6,6,240,40
55BDOWN,784,non_peak_3,3,3,180,60
55BUP,785,non_peak_1,3,3,480,160
55DOWN,786,non_peak_1,2,2,480,240
55DOWN,786,non_peak_2,10,10,300,30
55DOWN,786,non_peak_3,3,3,180,60
55DOWN,786,peak_1,6,6,240,40
55DOWN,786,peak_2,6,6,240,40
55UP,787,non_peak_1,4,4,480,120
55UP,787,non_peak_2,9,9,300,34
55UP,787,non_peak_3,2,2,180,90
55UP,787,peak_1,6,6,240,40
55UP,787,peak_2,6,6,240,40
57ADOWN,788,non_peak_2,1,1,300,300
57ADOWN,788,peak_1,1,1,240,240
57ADOWN,788,peak_2,1,1,240,240
57AUP,789,non_peak_2,1,1,300,300
57AUP,789,peak_1,2,2,240,120
57DOWN,790,non_peak_1,3,3,480,160
57DOWN,790,non_peak_2,6,6,300,50
57DOWN,790,non_peak_3,2,2,180,90
57DOWN,790,peak_1,6,6,240,40
57DOWN,790,peak_2,5,5,240,48
57UP,791,non_peak_1,5,5,480,96
57UP,791,non_peak_2,7,7,300,43
57UP,791,non_peak_3,1,1,180,180
57UP,791,peak_1,4,4,240,60
57UP,791,peak_2,5,5,240,48
58DOWN,792,non_peak_1,3,3,480,160
58DOWN,792,non_peak_2,6,6,300,50
58DOWN,792,non_peak_3,3,3,180,60
58DOWN,792,peak_1,6,6,240,40
58DOWN,792,peak_2,6,6,240,40
58UP,793,non_peak_1,4,4,480,120
58UP,793,non_peak_2,6,6,300,50
58UP,793,non_peak_3,2,2,180,90
58UP,793,peak_1,6,6,240,40
58UP,793,peak_2,6,6,240,40
59DOWN,794,non_peak_1,3,3,480,160
59DOWN,794,non_peak_2,6,6,300,50
59DOWN,794,non_peak_3,3,3,180,60
59DOWN,794,peak_1,6,6,240,40
59DOWN,794,peak_2,6,6,240,40
59UP,795,non_peak_1,4,4,480,120
59UP,795,non_peak_2,6,6,300,50
59UP,795,non_peak_3,2,2,180,90
59UP,795,peak_1,6,6,240,40
59UP,795,peak_2,6,6,240,40
5ADOWN,796,non_peak_3,3,3,180,60
5ADOWN,796,peak_2,1,1,240,240
5AUP,797,non_peak_1,3,3,480,160
5AUP,797,peak_1,1,1,240,240
5DOWN,759,non_peak_1,23,23,480,21
5DOWN,759,non_peak_2,57,57,300,6
5DOWN,759,non_peak_3,23,23,180,8
5DOWN,759,peak_1,56,56,240,5
5DOWN,759,peak_2,53,53,240,5
5UP,760,non_peak_1,32,32,480,15
5UP,760,non_peak_2,60,60,300,5
5UP,760,non_peak_3,14,14,180,13
5UP,760,peak_1,52,52,240,5
5UP,760,peak_2,53,53,240,5
60DOWN,1024,non_peak_1,4,4,480,120
60DOWN,1024,non_peak_2,10,10,300,30
60DOWN,1024,non_peak_3,5,5,180,36
60DOWN,1024,peak_1,8,8,240,30
60DOWN,1024,peak_2,8,8,240,30
60UP,1025,non_peak_1,4,4,480,120
60UP,1025,non_peak_2,10,10,300,30
60UP,1025,non_peak_3,5,5,180,36
60UP,1025,peak_1,8,8,240,30
60UP,1025,peak_2,8,8,240,30
61DOWN,800,non_peak_1,3,3,480,160
61DOWN,800,non_peak_2,7,7,300,43
61DOWN,800,non_peak_3,1,1,180,180
61DOWN,800,peak_1,7,7,240,35
61DOWN,800,peak_2,6,6,240,40
61UP,801,non_peak_1,5,5,480,96
61UP,801,non_peak_2,8,8,300,38
61UP,801,peak_1,6,6,240,40
61UP,801,peak_2,5,5,240,48
62DOWN,802,peak_1,1,1,240,240
62DOWN,802,peak_2,1,1,240,240
62UP,803,non_peak_2,1,1,300,300
62UP,803,peak_1,1,1,240,240
64DOWN,804,non_peak_1,5,5,480,96
64DOWN,804,non_peak_2,19,19,300,16
64DOWN,804,non_peak_3,6,6,180,30
64DOWN,804,peak_1,18,18,240,14
64DOWN,804,peak_2,18,18,240,14
64MDOWN,805,non_peak_2,1,1,300,300
64MDOWN,805,peak_1,1,1,240,240
64MDOWN,805,peak_2,1,1,240,240
64MUP,806,non_peak_2,2,2,300,150
64MUP,806,peak_1,1,1,240,240
64UP,807,non_peak_1,13,13,480,37
64UP,807,non_peak_2,20,20,300,15
64UP,807,non_peak_3,1,1,180,180
64UP,807,peak_1,18,18,240,14
64UP,807,peak_2,14,14,240,18
65ADOWN,808,non_peak_1,4,4,480,120
65ADOWN,808,non_peak_2,6,6,300,50
65ADOWN,808,non_peak_3,1,1,180,180
65ADOWN,808,peak_1,7,7,240,35
65ADOWN,808,peak_2,8,8,240,30
65AUP,809,non_peak_1,7,7,480,69
65AUP,809,non_peak_2,10,10,300,30
65AUP,809,non_peak_3,2,2,180,90
65AUP,809,peak_1,3,3,240,80
65AUP,809,peak_2,4,4,240,60
65DOWN,810,non_peak_1,1,1,480,480
65DOWN,810,non_peak_2,1,1,300,300
65DOWN,810,peak_1,2,2,240,120
65DOWN,810,peak_2,1,1,240,240
65UP,811,non_peak_1,1,1,480,480
65UP,811,peak_1,3,3,240,80
65UP,811,peak_2,1,1,240,240
66ADOWN,812,peak_1,1,1,240,240
66AUP,813,non_peak_2,1,1,300,300
66DOWN,814,non_peak_1,1,1,480,480
66DOWN,814,non_peak_2,2,2,300,150
66UP,815,non_peak_2,1,1,300,300
66UP,815,peak_1,1,1,240,240
66UP,815,peak_2,1,1,240,240
67CDOWN,816,non_peak_1,1,1,480,480
67CDOWN,816,non_peak_2,1,1,300,300
67CDOWN,816,peak_1,1,1,240,240
67CDOWN,816,peak_2,2,2,240,120
67CUP,817,non_peak_1,1,1,480,480
67CUP,817,non_peak_2,1,1,300,300
67CUP,817,peak_1,2,2,240,120
67CUP,817,peak_2,1,1,240,240
67DDOWN,819,non_peak_1,1,1,480,480
67DDOWN,819,peak_1,1,1,240,240
67DDOWN,819,peak_2,1,1,240,240
67DOWN,818,non_peak_1,5,5,480,96
67DOWN,818,non_peak_2,16,16,300,19
67DOWN,818,non_peak_3,6,6,180,30
67DOWN,818,peak_1,12,12,240,20
67DOWN,818,peak_2,13,13,240,19
67DUP,820,non_peak_1,1,1,480,480
67DUP,820,peak_1,1,1,240,240
67DUP,820,peak_2,1,1,240,240
67UP,821,non_peak_1,6,6,480,80
67UP,821,non_peak_2,14,14,300,22
67UP,821,non_peak_3,2,2,180,90
67UP,821,peak_1,14,14,240,18
67UP,821,peak_2,14,14,240,18
68DOWN,822,non_peak_1,1,1,480,480
68DOWN,822,non_peak_2,1,1,300,300
68DOWN,822,peak_1,1,1,240,240
68DOWN,822,peak_2,1,1,240,240
68UP,823,non_peak_2,1,1,300,300
68UP,823,peak_1,2,2,240,120
68UP,823,peak_2,1,1,240,240
69ADOWN,824,peak_1,1,1,240,240
69ADOWN,824,peak_2,1,1,240,240
69AUP,825,non_peak_2,1,1,300,300
69AUP,825,peak_1,1,1,240,240
69DOWN,826,non_peak_1,2,2,480,240
69DOWN,826,non_peak_2,2,2,300,150
69DOWN,826,peak_2,1,1,240,240
69UP,827,non_peak_1,1,1,480,480
69UP,827,non_peak_2,1,1,300,300
69UP,827,peak_1,1,1,240,240
69UP,827,peak_2,2,2,240,120
6DOWN,798,non_peak_1,2,2,480,240
6DOWN,798,non_peak_2,7,7,300,43
6DOWN,798,non_peak_3,1,1,180,180
6DOWN,798,peak_1,5,5,240,48
6DOWN,798,peak_2,5,5,240,48
6UP,799,non_peak_1,3,3,480,160
6UP,799,non_peak_2,6,6,300,50
6UP,799,peak_1,5,5,240,48
6UP,799,peak_2,6,6,240,40
70DOWN,830,non_peak_1,1,1,480,480
70DOWN,830,non_peak_2,2,2,300,150
70DOWN,830,non_peak_3,1,1,180,180
70DOWN,830,peak_1,2,2,240,120
70DOWN,830,peak_2,1,1,240,240
70UP,831,non_peak_1,1,1,480,480
70UP,831,non_peak_2,2,2,300,150
70UP,831,peak_1,2,2,240,120
70UP,831,peak_2,2,2,240,120
71RING,832,non_peak_1,8,8,480,60
71RING,832,non_peak_2,15,15,300,20
71RING,832,non_peak_3,3,3,180,60
71RING,832,peak_1,13,13,240,19
71RING,832,peak_2,11,11,240,22
72ADOWN,833,non_peak_2,2,2,300,150
72AUP,834,non_peak_2,2,2,300,150
72DOWN,835,non_peak_1,2,2,480,240
72DOWN,835,non_peak_2,4,4,300,75
72DOWN,835,non_peak_3,1,1,180,180
72DOWN,835,peak_1,6,6,240,40
72DOWN,835,peak_2,4,4,240,60
72UP,836,non_peak_1,4,4,480,120
72UP,836,non_peak_2,3,3,300,100
72UP,836,peak_1,6,6,240,40
72UP,836,peak_2,4,4,240,60
73ADOWN,837,peak_1,1,1,240,240
73ADOWN,837,peak_2,1,1,240,240
73AUP,838,non_peak_1,1,1,480,480
73AUP,838,non_peak_2,1,1,300,300
73DOWN,839,non_peak_1,1,1,480,480
73DOWN,839,non_peak_2,2,2,300,150
73DOWN,839,peak_1,1,1,240,240
73DOWN,839,peak_2,1,1,240,240
73UP,840,non_peak_2,1,1,300,300
73UP,840,peak_1,2,2,240,120
73UP,840,peak_2,2,2,240,120
74ADOWN,841,non_peak_2,1,1,300,300
74ADOWN,841,peak_2,4,4,240,60
74AUP,842,non_peak_1,4,4,480,120
74AUP,842,non_peak_2,1,1,300,300
74AUP,842,peak_1,1,1,240,240
74DOWN,843,non_peak_1,1,1,480,480
74DOWN,843,non_peak_2,1,1,300,300
74DOWN,843,non_peak_3,1,1,180,180
74DOWN,843,peak_1,2,2,240,120
74DOWN,843,peak_2,1,1,240,240
74UP,844,non_peak_1,2,2,480,240
74UP,844,non_peak_2,1,1,300,300
74UP,844,peak_1,1,1,240,240
74UP,844,peak_2,2,2,240,120
75DOWN,845,non_peak_2,1,1,300,300
75DOWN,845,peak_1,2,2,240,120
75DOWN,845,peak_2,1,1,240,240
75UP,846,non_peak_1,1,1,480,480
75UP,846,non_peak_2,1,1,300,300
75UP,846,peak_1,1,1,240,240
75UP,846,peak_2,1,1,240,240
76DOWN,847,non_peak_2,1,1,300,300
76DOWN,847,peak_1,3,3,240,80
76DOWN,847,peak_2,2,2,240,120
76UP,848,non_peak_2,1,1,300,300
76UP,848,peak_1,3,3,240,80
76UP,848,peak_2,2,2,240,120
77ADOWN,851,non_peak_1,1,1,480,480
77ADOWN,851,non_peak_2,1,1,300,300
77AUP,852,non_peak_2,1,1,300,300
77AUP,852,non_peak_3,1,1,180,180
77DOWN,849,non_peak_1,1,1,480,480
77DOWN,849,non_peak_2,1,1,300,300
77DOWN,849,peak_1,2,2,240,120
77DOWN,849,peak_2,2,2,240,120
77UP,850,non_peak_1,1,1,480,480
77UP,850,non_peak_2,1,1,300,300
77UP,850,peak_1,2,2,240,120
77UP,850,peak_2,2,2,240,120
78DOWN,853,non_peak_2,1,1,300,300
78DOWN,853,peak_1,1,1,240,240
78DOWN,853,peak_2,1,1,240,240
78UP,854,non_peak_2,1,1,300,300
78UP,854,peak_1,2,2,240,120
7DOWN,828,non_peak_1,2,2,480,240
7DOWN,828,non_peak_2,6,6,300,50
7DOWN,828,non_peak_3,2,2,180,90
7DOWN,828,peak_1,5,5,240,48
7DOWN,828,peak_2,5,5,240,48
7UP,829,non_peak_1,3,3,480,160
7UP,829,non_peak_2,7,7,300,43
7UP,829,non_peak_3,1,1,180,180
7UP,829,peak_1,4,4,240,60
7UP,829,peak_2,5,5,240,48
80ADOWN,857,non_peak_1,1,1,480,480
80AUP,858,non_peak_3,1,1,180,180
80RING,859,non_peak_2,2,2,300,150
80RING,859,peak_1,3,3,240,80
80RING,859,peak_2,2,2,240,120
81DOWN,860,non_peak_2,1,1,300,300
81DOWN,860,peak_1,2,2,240,120
81DOWN,860,peak_2,1,1,240,240
81UP,861,non_peak_2,1,1,300,300
81UP,861,peak_1,2,2,240,120
81UP,861,peak_2,1,1,240,240
82ARING,862,non_peak_1,6,6,480,80
82BDOWN,863,non_peak_1,8,8,480,60
82BDOWN,863,peak_1,3,3,240,80
82BUP,864,non_peak_1,4,4,480,120
82BUP,864,non_peak_3,8,8,180,23
82BUP,864,peak_2,5,5,240,48
82DDOWN,866,non_peak_1,4,4,480,120
82DDOWN,866,non_peak_2,10,10,300,30
82DDOWN,866,non_peak_3,5,5,180,36
82DDOWN,866,peak_1,8,8,240,30
82DDOWN,866,peak_2,8,8,240,30
82DUP,867,non_peak_1,4,4,480,120
82DUP,867,non_peak_2,10,10,300,30
82DUP,867,non_peak_3,5,5,180,36
82DUP,867,peak_1,8,8,240,30
82DUP,867,peak_2,8,8,240,30
82RING,865,non_peak_1,8,8,480,60
82RING,865,non_peak_2,33,33,300,10
82RING,865,non_peak_3,7,7,180,26
82RING,865,peak_1,27,27,240,9
82RING,865,peak_2,17,17,240,15
83ADOWN,870,non_peak_2,1,1,300,300
83ADOWN,870,non_peak_3,1,1,180,180
83DOWN,868,non_peak_1,1,1,480,480
83DOWN,868,non_peak_2,1,1,300,300
83UP,869,non_peak_1,1,1,480,480
83UP,869,non_peak_2,1,1,300,300
83UP,869,peak_1,1,1,240,240
83UP,869,peak_2,1,1,240,240
84ACUP,879,non_peak_1,1,1,480,480
84ADOWN,871,non_peak_1,1,1,480,480
84ADOWN,871,non_peak_2,2,2,300,150
84ADOWN,871,peak_1,1,1,240,240
84ADOWN,871,peak_2,1,1,240,240
84AUP,872,non_peak_2,1,1,300,300
84AUP,872,peak_1,2,2,240,120
84AUP,872,peak_2,1,1,240,240
84BDOWN,873,peak_2,1,1,240,240
84BUP,874,non_peak_1,4,4,480,120
84BUP,874,non_peak_2,10,10,300,30
84BUP,874,non_peak_3,5,5,180,36
84BUP,874,peak_1,8,8,240,30
84BUP,874,peak_2,8,8,240,30
84DDOWN,876,non_peak_1,4,4,480,120
84DDOWN,876,non_peak_2,10,10,300,30
84DDOWN,876,non_peak_3,5,5,180,36
84DDOWN,876,peak_1,8,8,240,30
84DDOWN,876,peak_2,8,8,240,30
84DOWN,875,non_peak_1,1,1,480,480
84DOWN,875,non_peak_2,2,2,300,150
84DOWN,875,peak_1,2,2,240,120
84DOWN,875,peak_2,1,1,240,240
84DUP,877,non_peak_1,4,4,480,120
84DUP,877,non_peak_2,10,10,300,30
84DUP,877,non_peak_3,5,5,180,36
84DUP,877,peak_1,8,8,240,30
84DUP,877,peak_2,8,8,240,30
84UP,878,non_peak_1,1,1,480,480
84UP,878,non_peak_2,2,2,300,150
84UP,878,non_peak_3,1,1,180,180
84UP,878,peak_1,2,2,240,120
84UP,878,peak_2,1,1,240,240
85ADOWN,887,non_peak_1,4,4,480,120
85ADOWN,887,non_peak_2,10,10,300,30
85ADOWN,887,non_peak_3,5,5,180,36
85ADOWN,887,peak_1,8,8,240,30
85ADOWN,887,peak_2,8,8,240,30
85AUP,882,non_peak_1,1,1,480,480
85AUP,882,peak_2,1,1,240,240
85BDOWN,883,non_peak_2,1,1,300,300
85BUP,884,non_peak_2,1,1,300,300
85DOWN,885,non_peak_1,1,1,480,480
85DOWN,885,non_peak_2,1,1,300,300
85DOWN,885,peak_1,1,1,240,240
85UP,886,non_peak_2,1,1,300,300
85UP,886,peak_1,1,1,240,240
85UP,886,peak_2,1,1,240,240
86ADOWN,1026,peak_2,1,1,240,240
86AUP,1027,non_peak_1,4,4,480,120
86AUP,1027,non_peak_2,10,10,300,30
86AUP,1027,non_peak_3,5,5,180,36
86AUP,1027,peak_1,8,8,240,30
86AUP,1027,peak_2,8,8,240,30
86BDOWN,1028,non_peak_1,2,2,480,240
86BUP,1029,non_peak_3,1,1,180,180
86DOWN,888,non_peak_1,2,2,480,240
86DOWN,888,non_peak_2,4,4,300,75
86DOWN,888,peak_1,2,2,240,120
86DOWN,888,peak_2,2,2,240,120
86UP,889,non_peak_1,2,2,480,240
86UP,889,non_peak_2,3,3,300,100
86UP,889,peak_1,3,3,240,80
86UP,889,peak_2,3,3,240,80
87ADOWN,900,non_peak_1,1,1,480,480
87ADOWN,900,non_peak_2,1,1,300,300
87ADOWN,900,peak_1,2,2,240,120
87ADOWN,900,peak_2,2,2,240,120
87AUP,901,non_peak_1,1,1,480,480
87AUP,901,non_peak_2,2,2,300,150
87AUP,901,peak_1,1,1,240,240
87AUP,901,peak_2,1,1,240,240
87BDOWN,890,non_peak_1,3,3,480,160
87BDOWN,890,non_peak_2,4,4,300,75
87BDOWN,890,non_peak_3,1,1,180,180
87BDOWN,890,peak_1,4,4,240,60
87BDOWN,890,peak_2,3,3,240,80
87BUP,891,non_peak_1,2,2,480,240
87BUP,891,non_peak_2,3,3,300,100
87BUP,891,non_peak_3,2,2,180,90
87BUP,891,peak_1,4,4,240,60
87BUP,891,peak_2,4,4,240,60
87CDOWN,892,peak_1,1,1,240,240
87CDOWN,892,peak_2,1,1,240,240
87CUP,893,non_peak_1,1,1,480,480
87CUP,893,non_peak_2,1,1,300,300
87DDOWN,895,non_peak_1,3,3,480,160
87DDOWN,895,non_peak_2,4,4,300,75
87DDOWN,895,peak_1,5,5,240,48
87DDOWN,895,peak_2,4,4,240,60
87DOWN,894,non_peak_1,1,1,480,480
87DOWN,894,non_peak_2,1,1,300,300
87DOWN,894,peak_1,1,1,240,240
87DOWN,894,peak_2,1,1,240,240
87DUP,896,non_peak_1,1,1,480,480
87DUP,896,non_peak_2,4,4,300,75
87DUP,896,peak_1,5,5,240,48
87DUP,896,peak_2,4,4,240,60
87EDOWN,897,non_peak_1,4,4,480,120
87EDOWN,897,non_peak_2,10,10,300,30
87EDOWN,897,non_peak_3,5,5,180,36
87EDOWN,897,peak_1,8,8,240,30
87EDOWN,897,peak_2,8,8,240,30
87EUP,898,non_peak_3,3,3,180,60
87UP,899,non_peak_2,1,1,300,300
87UP,899,peak_1,1,1,240,240
87UP,899,peak_2,2,2,240,120
89DOWN,902,non_peak_1,1,1,480,480
89DOWN,902,non_peak_2,3,3,300,100
89DOWN,902,non_peak_3,1,1,180,180
89DOWN,902,peak_1,2,2,240,120
89DOWN,902,peak_2,1,1,240,240
89UP,903,non_peak_1,1,1,480,480
89UP,903,non_peak_2,2,2,300,150
89UP,903,peak_1,2,2,240,120
89UP,903,peak_2,2,2,240,120
8DOWN,855,non_peak_1,4,4,480,120
8DOWN,855,non_peak_2,8,8,300,38
8DOWN,855,peak_1,8,8,240,30
8DOWN,855,peak_2,8,8,240,30
8UP,856,non_peak_1,6,6,480,80
8UP,856,non_peak_2,9,9,300,34
8UP,856,peak_1,6,6,240,40
8UP,856,peak_2,7,7,240,35
90ADOWN,908,non_peak_1,1,1,480,480
90ADOWN,908,non_peak_2,1,1,300,300
90BDOWN,909,peak_2,1,1,240,240
90DOWN,906,non_peak_1,1,1,480,480
90DOWN,906,non_peak_2,3,3,300,100
90DOWN,906,non_peak_3,1,1,180,180
90DOWN,906,peak_1,2,2,240,120
90DOWN,906,peak_2,2,2,240,120
90UP,907,non_peak_1,2,2,480,240
90UP,907,non_peak_2,2,2,300,150
90UP,907,peak_1,3,3,240,80
90UP,907,peak_2,3,3,240,80
91DOWN,910,peak_1,3,3,240,80
91DOWN,910,peak_2,2,2,240,120
91UP,911,non_peak_2,1,1,300,300
91UP,911,peak_1,2,2,240,120
91UP,911,peak_2,2,2,240,120
92DOWN,912,non_peak_2,1,1,300,300
92DOWN,912,peak_1,2,2,240,120
92DOWN,912,peak_2,1,1,240,240
92UP,913,non_peak_1,1,1,480,480
92UP,913,non_peak_2,1,1,300,300
92UP,913,peak_1,1,1,240,240
92UP,913,peak_2,1,1,240,240
93DOWN,1088,non_peak_1,4,4,480,120
93DOWN,1088,non_peak_2,10,10,300,30
93DOWN,1088,non_peak_3,5,5,180,36
93DOWN,1088,peak_1,8,8,240,30
93DOWN,1088,peak_2,8,8,240,30
93UP,1089,non_peak_1,4,4,480,120
93UP,1089,non_peak_2,10,10,300,30
93UP,1089,non_peak_3,5,5,180,36
93UP,1089,peak_1,8,8,240,30
93UP,1089,peak_2,8,8,240,30
94DOWN,914,non_peak_1,5,5,480,96
94DOWN,914,non_peak_2,13,13,300,24
94DOWN,914,non_peak_3,6,6,180,30
94DOWN,914,peak_1,12,12,240,20
94DOWN,914,peak_2,10,10,240,24
94MDOWN,916,non_peak_2,2,2,300,150
94MDOWN,916,peak_1,2,2,240,120
94MDOWN,916,peak_2,1,1,240,240
94MUP,917,non_peak_1,1,1,480,480
94MUP,917,non_peak_2,1,1,300,300
94MUP,917,peak_1,2,2,240,120
94MUP,917,peak_2,1,1,240,240
94UP,915,non_peak_1,8,8,480,60
94UP,915,non_peak_2,15,15,300,20
94UP,915,non_peak_3,3,3,180,60
94UP,915,peak_1,11,11,240,22
94UP,915,peak_2,10,10,240,24
95DOWN,918,non_peak_2,1,1,300,300
95DOWN,918,peak_1,3,3,240,80
95DOWN,918,peak_2,1,1,240,240
95UP,919,non_peak_1,1,1,480,480
95UP,919,non_peak_2,1,1,300,300
95UP,919,peak_1,2,2,240,120
95UP,919,peak_2,1,1,240,240
97DOWN,920,non_peak_2,2,2,300,150
97DOWN,920,peak_1,1,1,240,240
97DOWN,920,peak_2,1,1,240,240
97UP,921,non_peak_2,1,1,300,300
97UP,921,peak_1,2,2,240,120
97UP,921,peak_2,1,1,240,240
98ADOWN,924,non_peak_3,3,3,180,60
98AUP,925,non_peak_3,3,3,180,60
98BDOWN,926,non_peak_2,2,2,300,150
98BDOWN,926,non_peak_3,8,8,180,23
98BUP,927,non_peak_1,3,3,480,160
98BUP,927,non_peak_2,2,2,300,150
98BUP,927,non_peak_3,5,5,180,36
98DOWN,922,non_peak_1,12,12,480,40
98DOWN,922,non_peak_2,25,25,300,12
98DOWN,922,non_peak_3,8,8,180,23
98DOWN,922,peak_1,21,21,240,12
98DOWN,922,peak_2,19,19,240,13
98UP,923,non_peak_1,12,12,480,40
98UP,923,non_peak_2,26,26,300,12
98UP,923,non_peak_3,6,6,180,30
98UP,923,peak_1,20,20,240,12
98UP,923,peak_2,21,21,240,12
99ADOWN,928,non_peak_2,2,2,300,150
99ADOWN,928,non_peak_3,1,1,180,180
99ADOWN,928,peak_2,1,1,240,240
99AUP,929,non_peak_1,3,3,480,160
99AUP,929,non_peak_2,2,2,300,150
99DOWN,930,non_peak_1,8,8,480,60
99DOWN,930,non_peak_2,25,25,300,12
99DOWN,930,non_peak_3,7,7,180,26
99DOWN,930,peak_1,20,20,240,12
99DOWN,930,peak_2,20,20,240,12
99UP,931,non_peak_1,15,15,480,32
99UP,931,non_peak_2,27,27,300,12
99UP,931,non_peak_3,4,4,180,45
99UP,931,peak_1,19,19,240,13
99UP,931,peak_2,15,15,240,16
9DOWN,904,non_peak_1,5,5,480,96
9DOWN,904,non_peak_2,9,9,300,34
9DOWN,904,non_peak_3,1,1,180,180
9DOWN,904,peak_1,7,7,240,35
9DOWN,904,peak_2,8,8,240,30
9UP,905,non_peak_1,4,4,480,120
9UP,905,non_peak_2,10,10,300,30
9UP,905,non_peak_3,2,2,180,90
9UP,905,peak_1,7,7,240,35
9UP,905,peak_2,7,7,240,35
AP2DOWN,932,non_peak_1,5,5,480,96
AP2DOWN,932,non_peak_2,16,16,300,19
AP2DOWN,932,non_peak_3,2,2,180,90
AP2DOWN,932,peak_1,15,15,240,16
AP2DOWN,932,peak_2,14,14,240,18
AP2UP,933,non_peak_1,7,7,480,69
AP2UP,933,non_peak_2,17,17,300,18
AP2UP,933,non_peak_3,1,1,180,180
AP2UP,933,peak_1,14,14,240,18
AP2UP,933,peak_2,13,13,240,19
B1ADOWN,1030,non_peak_1,4,4,480,120
B1ADOWN,1030,non_peak_2,10,10,300,30
B1ADOWN,1030,non_peak_3,5,5,180,36
B1ADOWN,1030,peak_1,8,8,240,30
B1ADOWN,1030,peak_2,8,8,240,30
B1AUP,1031,non_peak_1,4,4,480,120
B1AUP,1031,non_peak_2,10,10,300,30
B1AUP,1031,non_peak_3,5,5,180,36
B1AUP,1031,peak_1,8,8,240,30
B1AUP,1031,peak_2,8,8,240,30
B1DOWN,934,non_peak_2,5,5,300,60
B1DOWN,934,peak_1,5,5,240,48
B1DOWN,934,peak_2,4,4,240,60
B1UP,935,non_peak_2,4,4,300,75
B1UP,935,peak_1,6,6,240,40
B1UP,935,peak_2,4,4,240,60
B2DOWN,936,non_peak_1,3,3,480,160
B2DOWN,936,non_peak_2,4,4,300,75
B2DOWN,936,peak_1,5,5,240,48
B2DOWN,936,peak_2,5,5,240,48
B2UP,937,non_peak_1,3,3,480,160
B2UP,937,non_peak_2,4,4,300,75
B2UP,937,peak_1,5,5,240,48
B2UP,937,peak_2,5,5,240,48
H11ADOWN,940,non_peak_1,1,1,480,480
H11ADOWN,940,non_peak_2,3,3,300,100
H11ADOWN,940,non_peak_3,2,2,180,90
H11ADOWN,940,peak_1,3,3,240,80
H11ADOWN,940,peak_2,3,3,240,80
H11AUP,941,non_peak_1,1,1,480,480
H11AUP,941,non_peak_2,4,4,300,75
H11AUP,941,non_peak_3,1,1,180,180
H11AUP,941,peak_1,3,3,240,80
H11AUP,941,peak_2,3,3,240,80
H11DOWN,938,non_peak_1,1,1,480,480
H11DOWN,938,non_peak_2,4,4,300,75
H11DOWN,938,non_peak_3,1,1,180,180
H11DOWN,938,peak_1,3,3,240,80
H11DOWN,938,peak_2,3,3,240,80
H11UP,939,non_peak_1,2,2,480,240
H11UP,939,non_peak_2,3,3,300,100
H11UP,939,non_peak_3,1,1,180,180
H11UP,939,peak_1,3,3,240,80
H11UP,939,peak_2,3,3,240,80
H3DOWN,942,non_peak_1,3,3,480,160
H3DOWN,942,non_peak_2,8,8,300,38
H3DOWN,942,non_peak_3,2,2,180,90
H3DOWN,942,peak_1,8,8,240,30
H3DOWN,942,peak_2,7,7,240,35
H3UP,943,non_peak_1,4,4,480,120
H3UP,943,non_peak_2,7,7,300,43
H3UP,943,non_peak_3,1,1,180,180
H3UP,943,peak_1,8,8,240,30
H3UP,943,peak_2,8,8,240,30
H6DOWN,944,non_peak_1,3,3,480,160
H6DOWN,944,non_peak_2,14,14,300,22
H6DOWN,944,non_peak_3,1,1,180,180
H6DOWN,944,peak_1,15,15,240,16
H6DOWN,944,peak_2,13,13,240,19
H6UP,945,non_peak_1,4,4,480,120
H6UP,945,non_peak_2,15,15,300,20
H6UP,945,peak_1,15,15,240,16
H6UP,945,peak_2,12,12,240,20
H8DOWN,946,non_peak_1,9,9,480,54
H8DOWN,946,non_peak_2,22,22,300,14
H8DOWN,946,non_peak_3,6,6,180,30
H8DOWN,946,peak_1,19,19,240,13
H8DOWN,946,peak_2,18,18,240,14
H8UP,947,non_peak_1,11,11,480,44
H8UP,947,non_peak_2,23,23,300,14
H8UP,947,non_peak_3,4,4,180,45
H8UP,947,peak_1,19,19,240,13
H8UP,947,peak_2,17,17,240,15
H9DOWN,948,non_peak_1,8,8,480,60
H9DOWN,948,non_peak_2,20,20,300,15
H9DOWN,948,non_peak_3,5,5,180,36
H9DOWN,948,peak_1,24,24,240,10
H9DOWN,948,peak_2,23,23,240,11
H9UP,949,non_peak_1,11,11,480,44
H9UP,949,non_peak_2,22,22,300,14
H9UP,949,non_peak_3,4,4,180,45
H9UP,949,peak_1,22,22,240,11
H9UP,949,peak_2,21,21,240,12
K11ADOWN,952,non_peak_1,2,2,480,240
K11ADOWN,952,non_peak_2,1,1,300,300
K11ADOWN,952,peak_1,1,1,240,240
K11ADOWN,952,peak_2,1,1,240,240
K11AUP,953,non_peak_1,1,1,480,480
K11AUP,953,non_peak_2,1,1,300,300
K11AUP,953,peak_1,2,2,240,120
K11AUP,953,peak_2,1,1,240,240
K11DOWN,950,non_peak_1,8,8,480,60
K11DOWN,950,non_peak_2,19,19,300,16
K11DOWN,950,non_peak_3,2,2,180,90
K11DOWN,950,peak_1,14,14,240,18
K11DOWN,950,peak_2,13,13,240,19
K11UP,951,non_peak_1,6,6,480,80
K11UP,951,non_peak_2,19,19,300,16
K11UP,951,non_peak_3,3,3,180,60
K11UP,951,peak_1,15,15,240,16
K11UP,951,peak_2,13,13,240,19
K12ADOWN,954,non_peak_1,3,3,480,160
K12ADOWN,954,non_peak_2,7,7,300,43
K12ADOWN,954,non_peak_3,2,2,180,90
K12ADOWN,954,peak_1,6,6,240,40
K12ADOWN,954,peak_2,6,6,240,40
K12AUP,955,non_peak_1,2,2,480,240
K12AUP,955,non_peak_2,8,8,300,38
K12AUP,955,non_peak_3,3,3,180,60
K12AUP,955,peak_1,6,6,240,40
K12AUP,955,peak_2,5,5,240,48
K12DOWN,956,non_peak_1,5,5,480,96
K12DOWN,956,non_peak_2,11,11,300,28
K12DOWN,956,peak_1,9,9,240,27
K12DOWN,956,peak_2,7,7,240,35
K12UP,957,non_peak_1,4,4,480,120
K12UP,957,non_peak_2,11,11,300,28
K12UP,957,peak_1,9,9,240,27
K12UP,957,peak_2,8,8,240,30
K14DOWN,958,non_peak_1,2,2,480,240
K14DOWN,958,non_peak_2,8,8,300,38
K14DOWN,958,peak_1,9,9,240,27
K14DOWN,958,peak_2,7,7,240,35
K14UP,959,non_peak_1,3,3,480,160
K14UP,959,non_peak_2,8,8,300,38
K14UP,959,peak_1,9,9,240,27
K14UP,959,peak_2,6,6,240,40
K16DOWN,960,non_peak_1,1,1,480,480
K16DOWN,960,non_peak_2,7,7,300,43
K16DOWN,960,non_peak_3,1,1,180,180
K16DOWN,960,peak_1,8,8,240,30
K16DOWN,960,peak_2,6,6,240,40
K16UP,961,non_peak_1,2,2,480,240
K16UP,961,non_peak_2,8,8,300,38
K16UP,961,peak_1,7,7,240,35
K16UP,961,peak_2,6,6,240,40
K18DOWN,962,non_peak_1,3,3,480,160
K18DOWN,962,non_peak_2,6,6,300,50
K18DOWN,962,non_peak_3,1,1,180,180
K18DOWN,962,peak_1,4,4,240,60
K18DOWN,962,peak_2,4,4,240,60
K18UP,963,non_peak_1,2,2,480,240
K18UP,963,non_peak_2,5,5,300,60
K18UP,963,non_peak_3,2,2,180,90
K18UP,963,peak_1,5,5,240,48
K18UP,963,peak_2,4,4,240,60
K21RING,964,non_peak_2,3,3,300,100
K21RING,964,peak_1,5,5,240,48
K21RING,964,peak_2,3,3,240,80
K7ADOWN,967,peak_2,1,1,240,240
K7AUP,968,non_peak_1,1,1,480,480
K7DOWN,965,non_peak_2,1,1,300,300
K7DOWN,965,peak_1,3,3,240,80
K7DOWN,965,peak_2,1,1,240,240
K7UP,966,non_peak_2,1,1,300,300
K7UP,966,peak_1,2,2,240,120
K7UP,966,peak_2,2,2,240,120
Metro Shuttle 12RING,1090,non_peak_1,4,4,480,120
Metro Shuttle 12RING,1090,non_peak_2,10,10,300,30
Metro Shuttle 12RING,1090,non_peak_3,5,5,180,36
Metro Shuttle 12RING,1090,peak_1,8,8,240,30
Metro Shuttle 12RING,1090,peak_2,8,8,240,30
Metro Shuttle 13DOWN,969,non_peak_2,4,4,300,75
Metro Shuttle 13DOWN,969,peak_1,6,6,240,40
Metro Shuttle 13DOWN,969,peak_2,5,5,240,48
Metro Shuttle 13RING,1091,non_peak_1,4,4,480,120
Metro Shuttle 13RING,1091,non_peak_2,10,10,300,30
Metro Shuttle 13RING,1091,non_peak_3,5,5,180,36
Metro Shuttle 13RING,1091,peak_1,8,8,240,30
Metro Shuttle 13RING,1091,peak_2,8,8,240,30
Metro Shuttle 13UP,970,non_peak_1,2,2,480,240
Metro Shuttle 13UP,970,non_peak_2,4,4,300,75
Metro Shuttle 13UP,970,peak_1,6,6,240,40
Metro Shuttle 13UP,970,peak_2,3,3,240,80
Metro Shuttle 14RING,1092,non_peak_1,4,4,480,120
Metro Shuttle 14RING,1092,non_peak_2,10,10,300,30
Metro Shuttle 14RING,1092,non_peak_3,5,5,180,36
Metro Shuttle 14RING,1092,peak_1,8,8,240,30
Metro Shuttle 14RING,1092,peak_2,8,8,240,30
Metro Shuttle 17ADOWN,973,non_peak_1,1,1,480,480
Metro Shuttle 17AUP,974,non_peak_3,1,1,180,180
Metro Shuttle 17DOWN,971,non_peak_2,1,1,300,300
Metro Shuttle 17DOWN,971,peak_1,2,2,240,120
Metro Shuttle 17DOWN,971,peak_2,2,2,240,120
Metro Shuttle 17UP,972,non_peak_1,1,1,480,480
Metro Shuttle 17UP,972,non_peak_2,2,2,300,150
Metro Shuttle 17UP,972,peak_1,1,1,240,240
Metro Shuttle 17UP,972,peak_2,1,1,240,240
Metro Shuttle 18DOWN,975,non_peak_1,4,4,480,120
Metro Shuttle 18DOWN,975,non_peak_2,10,10,300,30
Metro Shuttle 18DOWN,975,non_peak_3,5,5,180,36
Metro Shuttle 18DOWN,975,peak_1,8,8,240,30
Metro Shuttle 18DOWN,975,peak_2,8,8,240,30
Metro Shuttle 18UP,976,non_peak_1,4,4,480,120
Metro Shuttle 18UP,976,non_peak_2,10,10,300,30
Metro Shuttle 18UP,976,non_peak_3,5,5,180,36
Metro Shuttle 18UP,976,peak_1,8,8,240,30
Metro Shuttle 18UP,976,peak_2,8,8,240,30
Metro Shuttle 19ADOWN,979,non_peak_2,2,2,300,150
Metro Shuttle 19ADOWN,979,non_peak_3,2,2,180,90
Metro Shuttle 19AUP,980,non_peak_1,2,2,480,240
Metro Shuttle 19AUP,980,non_peak_2,2,2,300,150
Metro Shuttle 19DOWN,977,non_peak_1,4,4,480,120
Metro Shuttle 19DOWN,977,non_peak_2,6,6,300,50
Metro Shuttle 19DOWN,977,non_peak_3,2,2,180,90
Metro Shuttle 19DOWN,977,peak_1,10,10,240,24
Metro Shuttle 19DOWN,977,peak_2,8,8,240,30
Metro Shuttle 19UP,978,non_peak_1,3,3,480,160
Metro Shuttle 19UP,978,non_peak_2,7,7,300,43
Metro Shuttle 19UP,978,non_peak_3,3,3,180,60
Metro Shuttle 19UP,978,peak_1,9,9,240,27
Metro Shuttle 19UP,978,peak_2,8,8,240,30
Metro Shuttle 20ADOWN,1093,non_peak_1,4,4,480,120
Metro Shuttle 20ADOWN,1093,non_peak_2,10,10,300,30
Metro Shuttle 20ADOWN,1093,non_peak_3,5,5,180,36
Metro Shuttle 20ADOWN,1093,peak_1,8,8,240,30
Metro Shuttle 20ADOWN,1093,peak_2,8,8,240,30
Metro Shuttle 20AUP,1094,non_peak_1,4,4,480,120
Metro Shuttle 20AUP,1094,non_peak_2,10,10,300,30
Metro Shuttle 20AUP,1094,non_peak_3,5,5,180,36
Metro Shuttle 20AUP,1094,peak_1,8,8,240,30
Metro Shuttle 20AUP,1094,peak_2,8,8,240,30
Metro Shuttle 20UP,1095,non_peak_1,4,4,480,120
Metro Shuttle 20UP,1095,non_peak_2,10,10,300,30
Metro Shuttle 20UP,1095,non_peak_3,5,5,180,36
Metro Shuttle 20UP,1095,peak_1,8,8,240,30
Metro Shuttle 20UP,1095,peak_2,8,8,240,30
Metro Shuttle 2DOWN,981,non_peak_1,1,1,480,480
Metro Shuttle 2DOWN,981,non_peak_2,4,4,300,75
Metro Shuttle 2DOWN,981,peak_1,6,6,240,40
Metro Shuttle 2DOWN,981,peak_2,3,3,240,80
Metro Shuttle 2UP,982,non_peak_2,4,4,300,75
Metro Shuttle 2UP,982,peak_1,6,6,240,40
Metro Shuttle 2UP,982,peak_2,4,4,240,60
Metro Shuttle 31DOWN,983,non_peak_1,1,1,480,480
Metro Shuttle 31DOWN,983,non_peak_2,2,2,300,150
Metro Shuttle 31DOWN,983,peak_1,4,4,240,60
Metro Shuttle 31DOWN,983,peak_2,3,3,240,80
Metro Shuttle 31UP,984,non_peak_1,1,1,480,480
Metro Shuttle 31UP,984,non_peak_2,3,3,300,100
Metro Shuttle 31UP,984,peak_1,4,4,240,60
Metro Shuttle 31UP,984,peak_2,2,2,240,120
Metro Shuttle 32DOWN,985,non_peak_2,2,2,300,150
Metro Shuttle 32DOWN,985,peak_1,3,3,240,80
Metro Shuttle 32DOWN,985,peak_2,1,1,240,240
Metro Shuttle 32UP,986,non_peak_2,2,2,300,150
Metro Shuttle 32UP,986,peak_1,2,2,240,120
Metro Shuttle 32UP,986,peak_2,2,2,240,120
Metro Shuttle 35DOWN,987,non_peak_1,4,4,480,120
Metro Shuttle 35DOWN,987,non_peak_2,10,10,300,30
Metro Shuttle 35DOWN,987,non_peak_3,5,5,180,36
Metro Shuttle 35DOWN,987,peak_1,8,8,240,30
Metro Shuttle 35DOWN,987,peak_2,8,8,240,30
Metro Shuttle 35UP,988,non_peak_1,4,4,480,120
Metro Shuttle 35UP,988,non_peak_2,10,10,300,30
Metro Shuttle 35UP,988,non_peak_3,5,5,180,36
Metro Shuttle 35UP,988,peak_1,8,8,240,30
Metro Shuttle 35UP,988,peak_2,8,8,240,30
Metro Shuttle 36DOWN,1096,non_peak_1,4,4,480,120
Metro Shuttle 36DOWN,1096,non_peak_2,10,10,300,30
Metro Shuttle 36DOWN,1096,non_peak_3,5,5,180,36
Metro Shuttle 36DOWN,1096,peak_1,8,8,240,30
Metro Shuttle 36DOWN,1096,peak_2,8,8,240,30
Metro Shuttle 36UP,1097,non_peak_1,4,4,480,120
Metro Shuttle 36UP,1097,non_peak_2,10,10,300,30
Metro Shuttle 36UP,1097,non_peak_3,5,5,180,36
Metro Shuttle 36UP,1097,peak_1,8,8,240,30
Metro Shuttle 36UP,1097,peak_2,8,8,240,30
Metro Shuttle 37ADOWN,1098,non_peak_1,4,4,480,120
Metro Shuttle 37ADOWN,1098,non_peak_2,10,10,300,30
Metro Shuttle 37ADOWN,1098,non_peak_3,5,5,180,36
Metro Shuttle 37ADOWN,1098,peak_1,8,8,240,30
Metro Shuttle 37ADOWN,1098,peak_2,8,8,240,30
Metro Shuttle 37AUP,1099,non_peak_1,4,4,480,120
Metro Shuttle 37AUP,1099,non_peak_2,10,10,300,30
Metro Shuttle 37AUP,1099,non_peak_3,5,5,180,36
Metro Shuttle 37AUP,1099,peak_1,8,8,240,30
Metro Shuttle 37AUP,1099,peak_2,8,8,240,30
Metro Shuttle 37DOWN,989,non_peak_1,2,2,480,240
Metro Shuttle 37DOWN,989,non_peak_2,2,2,300,150
Metro Shuttle 37DOWN,989,non_peak_3,1,1,180,180
Metro Shuttle 37DOWN,989,peak_1,2,2,240,120
Metro Shuttle 37DOWN,989,peak_2,3,3,240,80
Metro Shuttle 37RING,1100,non_peak_1,4,4,480,120
Metro Shuttle 37RING,1100,non_peak_2,10,10,300,30
Metro Shuttle 37RING,1100,non_peak_3,5,5,180,36
Metro Shuttle 37RING,1100,peak_1,8,8,240,30
Metro Shuttle 37RING,1100,peak_2,8,8,240,30
Metro Shuttle 37UP,990,non_peak_1,2,2,480,240
Metro Shuttle 37UP,990,non_peak_2,3,3,300,100
Metro Shuttle 37UP,990,non_peak_3,1,1,180,180
Metro Shuttle 37UP,990,peak_1,2,2,240,120
Metro Shuttle 37UP,990,peak_2,2,2,240,120
Metro Shuttle 38RING,1032,non_peak_1,4,4,480,120
Metro Shuttle 38RING,1032,non_peak_2,10,10,300,30
Metro Shuttle 38RING,1032,non_peak_3,5,5,180,36
Metro Shuttle 38RING,1032,peak_1,8,8,240,30
Metro Shuttle 38RING,1032,peak_2,8,8,240,30
Metro Shuttle 40RING,1101,non_peak_1,4,4,480,120
Metro Shuttle 40RING,1101,non_peak_2,10,10,300,30
Metro Shuttle 40RING,1101,non_peak_3,5,5,180,36
Metro Shuttle 40RING,1101,peak_1,8,8,240,30
Metro Shuttle 40RING,1101,peak_2,8,8,240,30
Metro Shuttle 41RING,1102,non_peak_1,4,4,480,120
Metro Shuttle 41RING,1102,non_peak_2,10,10,300,30
Metro Shuttle 41RING,1102,non_peak_3,5,5,180,36
Metro Shuttle 41RING,1102,peak_1,8,8,240,30
Metro Shuttle 41RING,1102,peak_2,8,8,240,30
N14DOWN,991,non_peak_2,2,2,300,150
N14DOWN,991,peak_1,4,4,240,60
N14DOWN,991,peak_2,3,3,240,80
N14UP,992,non_peak_2,3,3,300,100
N14UP,992,peak_1,4,4,240,60
N14UP,992,peak_2,2,2,240,120
N15DOWN,993,non_peak_1,3,3,480,160
N15DOWN,993,non_peak_2,6,6,300,50
N15DOWN,993,non_peak_3,2,2,180,90
N15DOWN,993,peak_1,6,6,240,40
N15DOWN,993,peak_2,5,5,240,48
N15UP,994,non_peak_1,3,3,480,160
N15UP,994,non_peak_2,7,7,300,43
N15UP,994,non_peak_3,1,1,180,180
N15UP,994,peak_1,6,6,240,40
N15UP,994,peak_2,5,5,240,48
N16DOWN,995,non_peak_1,1,1,480,480
N16DOWN,995,non_peak_2,3,3,300,100
N16DOWN,995,peak_1,3,3,240,80
N16DOWN,995,peak_2,3,3,240,80
N16UP,996,non_peak_1,1,1,480,480
N16UP,996,non_peak_2,2,2,300,150
N16UP,996,peak_1,4,4,240,60
N16UP,996,peak_2,3,3,240,80
P13DOWN,997,non_peak_1,1,1,480,480
P13DOWN,997,non_peak_2,3,3,300,100
P13DOWN,997,peak_1,4,4,240,60
P13DOWN,997,peak_2,4,4,240,60
P13UP,998,non_peak_1,2,2,480,240
P13UP,998,non_peak_2,4,4,300,75
P13UP,998,peak_1,3,3,240,80
P13UP,998,peak_2,3,3,240,80
Ratrani 1DOWN,999,non_peak_1,3,3,480,160
Ratrani 1DOWN,999,non_peak_3,1,1,180,180
Ratrani 1UP,1000,non_peak_1,3,3,480,160
Ratrani 1UP,1000,non_peak_3,1,1,180,180
Ratrani 2DOWN,1001,non_peak_1,3,3,480,160
Ratrani 2DOWN,1001,non_peak_3,1,1,180,180
Ratrani 2UP,1002,non_peak_1,3,3,480,160
Ratrani 2UP,1002,non_peak_3,1,1,180,180
Ratrani 3DOWN,1003,non_peak_1,2,2,480,240
Ratrani 3DOWN,1003,non_peak_3,2,2,180,90
Ratrani 3UP,1004,non_peak_1,3,3,480,160
Ratrani 3UP,1004,non_peak_3,1,1,180,180
Ratrani 4DOWN,1005,non_peak_1,3,3,480,160
Ratrani 4DOWN,1005,non_peak_3,1,1,180,180
Ratrani 4UP,1006,non_peak_1,3,3,480,160
Ratrani 4UP,1006,non_peak_3,1,1,180,180
Ratrani 6DOWN,1033,non_peak_1,4,4,480,120
Ratrani 6DOWN,1033,non_peak_2,10,10,300,30
Ratrani 6DOWN,1033,non_peak_3,5,5,180,36
Ratrani 6DOWN,1033,peak_1,8,8,240,30
Ratrani 6DOWN,1033,peak_2,8,8,240,30
Ratrani 6UP,1034,non_peak_1,4,4,480,120
Ratrani 6UP,1034,non_peak_2,10,10,300,30
Ratrani 6UP,1034,non_peak_3,5,5,180,36
Ratrani 6UP,1034,peak_1,8,8,240,30
Ratrani 6UP,1034,peak_2,8,8,240,30
Ratrani 7DOWN,1007,non_peak_1,2,2,480,240
Ratrani 7DOWN,1007,non_peak_3,1,1,180,180
Ratrani 7UP,1008,non_peak_1,2,2,480,240
Ratrani 7UP,1008,non_peak_3,1,1,180,180
Shuttle 1DOWN,1103,non_peak_1,4,4,480,120
Shuttle 1DOWN,1103,non_peak_2,10,10,300,30
Shuttle 1DOWN,1103,non_peak_3,5,5,180,36
Shuttle 1DOWN,1103,peak_1,8,8,240,30
Shuttle 1DOWN,1103,peak_2,8,8,240,30
Shuttle 1UP,1104,non_peak_1,4,4,480,120
Shuttle 1UP,1104,non_peak_2,10,10,300,30
Shuttle 1UP,1104,non_peak_3,5,5,180,36
Shuttle 1UP,1104,peak_1,8,8,240,30
Shuttle 1UP,1104,peak_2,8,8,240,30
Shuttle 2DOWN,1105,non_peak_1,4,4,480,120
Shuttle 2DOWN,1105,non_peak_2,10,10,300,30
Shuttle 2DOWN,1105,non_peak_3,5,5,180,36
Shuttle 2DOWN,1105,peak_1,8,8,240,30
Shuttle 2DOWN,1105,peak_2,8,8,240,30
Shuttle 2UP,1106,non_peak_1,4,4,480,120
Shuttle 2UP,1106,non_peak_2,10,10,300,30
Shuttle 2UP,1106,non_peak_3,5,5,180,36
Shuttle 2UP,1106,peak_1,8,8,240,30
Shuttle 2UP,1106,peak_2,8,8,240,30
Yatra 11DOWN,1107,non_peak_1,4,4,480,120
Yatra 11DOWN,1107,non_peak_2,10,10,300,30
Yatra 11DOWN,1107,non_peak_3,5,5,180,36
Yatra 11DOWN,1107,peak_1,8,8,240,30
Yatra 11DOWN,1107,peak_2,8,8,240,30
Yatra 11UP,1108,non_peak_1,4,4,480,120
Yatra 11UP,1108,non_peak_2,10,10,300,30
Yatra 11UP,1108,non_peak_3,5,5,180,36
Yatra 11UP,1108,peak_1,8,8,240,30
Yatra 11UP,1108,peak_2,8,8,240,30
Yatra 12DOWN,1035,non_peak_1,4,4,480,120
Yatra 12DOWN,1035,non_peak_2,10,10,300,30
Yatra 12DOWN,1035,non_peak_3,5,5,180,36
Yatra 12DOWN,1035,peak_1,8,8,240,30
Yatra 12DOWN,1035,peak_2,8,8,240,30
Yatra 12UP,1036,non_peak_1,4,4,480,120
Yatra 12UP,1036,non_peak_2,10,10,300,30
Yatra 12UP,1036,non_peak_3,5,5,180,36
Yatra 12UP,1036,peak_1,8,8,240,30
Yatra 12UP,1036,peak_2,8,8,240,30
Yatra 13DOWN,1037,non_peak_1,4,4,480,120
Yatra 13DOWN,1037,non_peak_2,10,10,300,30
Yatra 13DOWN,1037,non_peak_3,5,5,180,36
Yatra 13DOWN,1037,peak_1,8,8,240,30
Yatra 13DOWN,1037,peak_2,8,8,240,30
Yatra 13UP,1038,non_peak_1,4,4,480,120
Yatra 13UP,1038,non_peak_2,10,10,300,30
Yatra 13UP,1038,non_peak_3,5,5,180,36
Yatra 13UP,1038,peak_1,8,8,240,30
Yatra 13UP,1038,peak_2,8,8,240,30
Yatra 14DOWN,1039,non_peak_1,4,4,480,120
Yatra 14DOWN,1039,non_peak_2,10,10,300,30
Yatra 14DOWN,1039,non_peak_3,5,5,180,36
Yatra 14DOWN,1039,peak_1,8,8,240,30
Yatra 14DOWN,1039,peak_2,8,8,240,30
Yatra 14UP,1040,non_peak_1,4,4,480,120
Yatra 14UP,1040,non_peak_2,10,10,300,30
Yatra 14UP,1040,non_peak_3,5,5,180,36
Yatra 14UP,1040,peak_1,8,8,240,30
Yatra 14UP,1040,peak_2,8,8,240,30
Yatra 15DOWN,1109,non_peak_1,4,4,480,120
Yatra 15DOWN,1109,non_peak_2,10,10,300,30
Yatra 15DOWN,1109,non_peak_3,5,5,180,36
Yatra 15DOWN,1109,peak_1,8,8,240,30
Yatra 15DOWN,1109,peak_2,8,8,240,30
Yatra 15UP,1110,non_peak_1,4,4,480,120
Yatra 15UP,1110,non_peak_2,10,10,300,30
Yatra 15UP,1110,non_peak_3,5,5,180,36
Yatra 15UP,1110,peak_1,8,8,240,30
Yatra 15UP,1110,peak_2,8,8,240,30
Yatra 16DOWN,1111,non_peak_1,4,4,480,120
Yatra 16DOWN,1111,non_peak_2,10,10,300,30
Yatra 16DOWN,1111,non_peak_3,5,5,180,36
Yatra 16DOWN,1111,peak_1,8,8,240,30
Yatra 16DOWN,1111,peak_2,8,8,240,30
Yatra 16UP,1112,non_peak_1,4,4,480,120
Yatra 16UP,1112,non_peak_2,10,10,300,30
Yatra 16UP,1112,non_peak_3,5,5,180,36
Yatra 16UP,1112,peak_1,8,8,240,30
Yatra 16UP,1112,peak_2,8,8,240,30
Yatra 17DOWN,1041,non_peak_1,4,4,480,120
Yatra 17DOWN,1041,non_peak_2,10,10,300,30
Yatra 17DOWN,1041,non_peak_3,5,5,180,36
Yatra 17DOWN,1041,peak_1,8,8,240,30
Yatra 17DOWN,1041,peak_2,8,8,240,30
Yatra 17UP,1042,non_peak_1,4,4,480,120
Yatra 17UP,1042,non_peak_2,10,10,300,30
Yatra 17UP,1042,non_peak_3,5,5,180,36
Yatra 17UP,1042,peak_1,8,8,240,30
Yatra 17UP,1042,peak_2,8,8,240,30
Yatra 18DOWN,1113,non_peak_1,4,4,480,120
Yatra 18DOWN,1113,non_peak_2,10,10,300,30
Yatra 18DOWN,1113,non_peak_3,5,5,180,36
Yatra 18DOWN,1113,peak_1,8,8,240,30
Yatra 18DOWN,1113,peak_2,8,8,240,30
Yatra 18UP,1114,non_peak_1,4,4,480,120
Yatra 18UP,1114,non_peak_2,10,10,300,30
Yatra 18UP,1114,non_peak_3,5,5,180,36
Yatra 18UP,1114,peak_1,8,8,240,30
Yatra 18UP,1114,peak_2,8,8,240,30
Yatra 1DOWN,1043,non_peak_1,4,4,480,120
Yatra 1DOWN,1043,non_peak_2,10,10,300,30
Yatra 1DOWN,1043,non_peak_3,5,5,180,36
Yatra 1DOWN,1043,peak_1,8,8,240,30
Yatra 1DOWN,1043,peak_2,8,8,240,30
Yatra 1UP,1044,non_peak_1,4,4,480,120
Yatra 1UP,1044,non_peak_2,10,10,300,30
Yatra 1UP,1044,non_peak_3,5,5,180,36
Yatra 1UP,1044,peak_1,8,8,240,30
Yatra 1UP,1044,peak_2,8,8,240,30
Yatra 20DOWN,1045,non_peak_1,4,4,480,120
Yatra 20DOWN,1045,non_peak_2,10,10,300,30
Yatra 20DOWN,1045,non_peak_3,5,5,180,36
Yatra 20DOWN,1045,peak_1,8,8,240,30
Yatra 20DOWN,1045,peak_2,8,8,240,30
Yatra 20UP,1046,non_peak_1,4,4,480,120
Yatra 20UP,1046,non_peak_2,10,10,300,30
Yatra 20UP,1046,non_peak_3,5,5,180,36
Yatra 20UP,1046,peak_1,8,8,240,30
Yatra 20UP,1046,peak_2,8,8,240,30
Yatra 24DOWN,1047,non_peak_1,4,4,480,120
Yatra 24DOWN,1047,non_peak_2,10,10,300,30
Yatra 24DOWN,1047,non_peak_3,5,5,180,36
Yatra 24DOWN,1047,peak_1,8,8,240,30
Yatra 24DOWN,1047,peak_2,8,8,240,30
Yatra 24UP,1048,non_peak_1,4,4,480,120
Yatra 24UP,1048,non_peak_2,10,10,300,30
Yatra 24UP,1048,non_peak_3,5,5,180,36
Yatra 24UP,1048,peak_1,8,8,240,30
Yatra 24UP,1048,peak_2,8,8,240,30
Yatra 2DOWN,1049,non_peak_1,4,4,480,120
Yatra 2DOWN,1049,non_peak_2,10,10,300,30
Yatra 2DOWN,1049,non_peak_3,5,5,180,36
Yatra 2DOWN,1049,peak_1,8,8,240,30
Yatra 2DOWN,1049,peak_2,8,8,240,30
Yatra 2UP,1050,non_peak_1,4,4,480,120
Yatra 2UP,1050,non_peak_2,10,10,300,30
Yatra 2UP,1050,non_peak_3,5,5,180,36
Yatra 2UP,1050,peak_1,8,8,240,30
Yatra 2UP,1050,peak_2,8,8,240,30
Yatra 3DOWN,1115,non_peak_1,4,4,480,120
Yatra 3DOWN,1115,non_peak_2,10,10,300,30
Yatra 3DOWN,1115,non_peak_3,5,5,180,36
Yatra 3DOWN,1115,peak_1,8,8,240,30
Yatra 3DOWN,1115,peak_2,8,8,240,30
Yatra 3UP,1116,non_peak_1,4,4,480,120
Yatra 3UP,1116,non_peak_2,10,10,300,30
Yatra 3UP,1116,non_peak_3,5,5,180,36
Yatra 3UP,1116,peak_1,8,8,240,30
Yatra 3UP,1116,peak_2,8,8,240,30
Yatra 5DOWN,1117,non_peak_1,4,4,480,120
Yatra 5DOWN,1117,non_peak_2,10,10,300,30
Yatra 5DOWN,1117,non_peak_3,5,5,180,36
Yatra 5DOWN,1117,peak_1,8,8,240,30
Yatra 5DOWN,1117,peak_2,8,8,240,30
Yatra 5UP,1118,non_peak_1,4,4,480,120
Yatra 5UP,1118,non_peak_2,10,10,300,30
Yatra 5UP,1118,non_peak_3,5,5,180,36
Yatra 5UP,1118,peak_1,8,8,240,30
Yatra 5UP,1118,peak_2,8,8,240,30
Yatra 6DOWN,1119,non_peak_1,4,4,480,120
Yatra 6DOWN,1119,non_peak_2,10,10,300,30
Yatra 6DOWN,1119,non_peak_3,5,5,180,36
Yatra 6DOWN,1119,peak_1,8,8,240,30
Yatra 6DOWN,1119,peak_2,8,8,240,30
Yatra 6UP,1120,non_peak_1,4,4,480,120
Yatra 6UP,1120,non_peak_2,10,10,300,30
Yatra 6UP,1120,non_peak_3,5,5,180,36
Yatra 6UP,1120,peak_1,8,8,240,30
Yatra 6UP,1120,peak_2,8,8,240,30
Yatra 7DOWN,1121,non_peak_1,4,4,480,120
Yatra 7DOWN,1121,non_peak_2,10,10,300,30
Yatra 7DOWN,1121,non_peak_3,5,5,180,36
Yatra 7DOWN,1121,peak_1,8,8,240,30
Yatra 7DOWN,1121,peak_2,8,8,240,30
Yatra 7UP,1122,non_peak_1,4,4,480,120
Yatra 7UP,1122,non_peak_2,10,10,300,30
Yatra 7UP,1122,non_peak_3,5,5,180,36
Yatra 7UP,1122,peak_1,8,8,240,30
Yatra 7UP,1122,peak_2,8,8,240,30
Yatra 8DOWN,1123,non_peak_1,4,4,480,120
Yatra 8DOWN,1123,non_peak_2,10,10,300,30
Yatra 8DOWN,1123,non_peak_3,5,5,180,36
Yatra 8DOWN,1123,peak_1,8,8,240,30
Yatra 8DOWN,1123,peak_2,8,8,240,30
Yatra 8UP,1124,non_peak_1,4,4,480,120
Yatra 8UP,1124,non_peak_2,10,10,300,30
Yatra 8UP,1124,non_peak_3,5,5,180,36
Yatra 8UP,1124,peak_1,8,8,240,30
Yatra 8UP,1124,peak_2,8,8,240,30
Yatra 9DOWN,1125,non_peak_1,4,4,480,120
Yatra 9DOWN,1125,non_peak_2,10,10,300,30
Yatra 9DOWN,1125,non_peak_3,5,5,180,36
Yatra 9DOWN,1125,peak_1,8,8,240,30
Yatra 9DOWN,1125,peak_2,8,8,240,30
Yatra 9UP,1126,non_peak_1,4,4,480,120
Yatra 9UP,1126,non_peak_2,10,10,300,30
Yatra 9UP,1126,non_peak_3,5,5,180,36
Yatra 9UP,1126,peak_1,8,8,240,30
Yatra 9UP,1126,peak_2,8,8,240,30
